"Id","School","Mascot","Abbreviation","Alt Name1","Alt Name2","Alt Name3","Conference","Division","Color","Alt Color","Logos[0]","Logos[1]","Twitter","Location Venue Id","Location Name","Location City","Location State","Location Zip","Location Country Code","Location Timezone","Location Latitude","Location Longitude","Location Elevation","Location Capacity","Location Year Constructed","Location Grass","Location Dome"
"2005","Air Force","Falcons","AFA","","AFA","Air Force","Mountain West","Mountain","#004a7b","#ffffff","http://a.espncdn.com/i/teamlogos/ncaa/500/2005.png","http://a.espncdn.com/i/teamlogos/ncaa/500-dark/2005.png","@AF_Football","3713","Falcon Stadium","Colorado Springs","CO","80840","US","America/Denver","38.9969701","-104.8436165","2024.875732","46692","1962","false","false"
"2006","Akron","Zips","AKR","","AKR","Akron","Mid-American","East","#00285e","#84754e","http://a.espncdn.com/i/teamlogos/ncaa/500/2006.png","http://a.espncdn.com/i/teamlogos/ncaa/500-dark/2006.png","@ZipsFB","3768","InfoCision Stadium","Akron","OH","44399","US","America/New_York","41.0725534","-81.5083408","321.2875061","30000","2009","false","false"
"333","Alabama","Crimson Tide","ALA","","ALA","Alabama","SEC","West","#9e1632","#ffffff","http://a.espncdn.com/i/teamlogos/ncaa/500/333.png","http://a.espncdn.com/i/teamlogos/ncaa/500-dark/333.png","@AlabamaFTBL","3657","Bryant-Denny Stadium","Tuscaloosa","AL","35487","US","America/Chicago","33.2082752","-87.5503836","70.05136108","101821","1929","true","false"
"2026","App State","Mountaineers","APP","Appalachian State","APP","App State","Sun Belt","East","#ffcc00","#222222","http://a.espncdn.com/i/teamlogos/ncaa/500/2026.png","http://a.espncdn.com/i/teamlogos/ncaa/500-dark/2026.png","@AppState_FB","3792","Kidd Brewer Stadium","Boone","NC","28608","US","America/New_York","36.2114267","-81.6854278","991.3414307","30000","1962","false","false"
"12","Arizona","Wildcats","ARIZ","","ARIZ","Arizona","Pac-12","","#0c234b","#ab0520","http://a.espncdn.com/i/teamlogos/ncaa/500/12.png","http://a.espncdn.com/i/teamlogos/ncaa/500-dark/12.png","@ArizonaFBall","3619","Arizona Stadium","Tucson","AZ","85721","US","America/Phoenix","32.2288054","-110.9488677","742.1530151","50782","1928","false","false"
"9","Arizona State","Sun Devils","ASU","","ASU","Arizona St","Pac-12","","#8e0c3a","#ffc72c","http://a.espncdn.com/i/teamlogos/ncaa/500/9.png","http://a.espncdn.com/i/teamlogos/ncaa/500-dark/9.png","@ASUFootball","3947","Mountain America Stadium","Tempe","AZ","85287","US","America/Phoenix","33.4264471","-111.9325005","360.1569519","65870","1958","true","false"
"8","Arkansas","Razorbacks","ARK","","ARK","Arkansas","SEC","West","#a41f35","#ffffff","http://a.espncdn.com/i/teamlogos/ncaa/500/8.png","http://a.espncdn.com/i/teamlogos/ncaa/500-dark/8.png","@RazorbackFB","3887","Razorback Stadium","Fayetteville","AR","72702","US","America/Chicago","36.0680662","-94.1789534","403.7972412","80000","1938","false","false"
"2032","Arkansas State","Red Wolves","ARST","","ARST","Arkansas St","Sun Belt","West","#e81018","#000000","http://a.espncdn.com/i/teamlogos/ncaa/500/2032.png","http://a.espncdn.com/i/teamlogos/ncaa/500-dark/2032.png","@AStateFB","3625","Centennial Bank Stadium","Jonesboro","AR","72404","US","America/Chicago","35.8488977","-90.6677436","89.52690887","30382","1974","false","false"
"349","Army","Black Knights","ARMY","","ARMY","Army","FBS Independents","","#ce9c00","#231f20","http://a.espncdn.com/i/teamlogos/ncaa/500/349.png","http://a.espncdn.com/i/teamlogos/ncaa/500-dark/349.png","@ArmyWP_Football","3841","Michie Stadium","West Point","NY","10996","US","America/New_York","41.3874924","-73.9640891","99.21277618","38000","1924","false","false"
"2","Auburn","Tigers","AUB","","AUB","Auburn","SEC","West","#002b5c","#f26522","http://a.espncdn.com/i/teamlogos/ncaa/500/2.png","http://a.espncdn.com/i/teamlogos/ncaa/500-dark/2.png","@AuburnFootball","3785","Jordan-Hare Stadium","Auburn","AL","36849","US","America/Chicago","32.6025532","-85.4897479","201.1737976","87451","1939","true","false"
"2050","Ball State","Cardinals","BALL","","BALL","Ball State","Mid-American","West","#DA0000","#ffffff","http://a.espncdn.com/i/teamlogos/ncaa/500/2050.png","http://a.espncdn.com/i/teamlogos/ncaa/500-dark/2050.png","@BallStateFB","3919","Scheumann Stadium","Muncie","IN","47306","US","America/Indiana/Indianapolis","40.2159422","-85.4161148","285.481781","22500","1967","false","false"
"239","Baylor","Bears","BAY","","BAY","Baylor","Big 12","","#154734","#ffb81c","http://a.espncdn.com/i/teamlogos/ncaa/500/239.png","http://a.espncdn.com/i/teamlogos/ncaa/500-dark/239.png","@BUFootball","4727","McLane Stadium","Waco","TX","76704","US","America/Chicago","31.5582015","-97.1156702","117.0538101","45140","2014","false","false"
"68","Boise State","Broncos","BOIS","","BOIS","Boise St","Mountain West","Mountain","#0033a0","#fa4616","http://a.espncdn.com/i/teamlogos/ncaa/500/68.png","http://a.espncdn.com/i/teamlogos/ncaa/500-dark/68.png","@BroncoSportsFB","3653","Albertsons Stadium","Boise","ID","83725","US","America/Boise","43.6028839","-116.1958882","823.2221069","36387","1970","false","false"
"103","Boston College","Eagles","BC","","BC","Boston College","ACC","Atlantic","#8c2232","#dbcca6","http://a.espncdn.com/i/teamlogos/ncaa/500/103.png","http://a.espncdn.com/i/teamlogos/ncaa/500-dark/103.png","@BCFootball","3615","Alumni Stadium (Chestnut Hill, MA)","Chestnut Hill","MA","2467 ","US","America/New_York","42.335104","-71.1664413","39.82634354","44500","1957","false","false"
"189","Bowling Green","Falcons","BGSU","Bowling Green State","BGSU","Bowling Green","Mid-American","East","#2b1000","#492000","http://a.espncdn.com/i/teamlogos/ncaa/500/189.png","http://a.espncdn.com/i/teamlogos/ncaa/500-dark/189.png","@BG_Football","3700","Doyt L. Perry Stadium","Bowling Green","OH","43403","US","America/New_York","41.3780114","-83.6225","205.9057465","24000","1966","false","false"
"2084","Buffalo","Bulls","BUF","","BUF","Buffalo","Mid-American","East","#041A9B","#ebebeb","http://a.espncdn.com/i/teamlogos/ncaa/500/2084.png","http://a.espncdn.com/i/teamlogos/ncaa/500-dark/2084.png","@UBFootball","3965","UB Stadium","Amherst","NY","14260","US","America/New_York","42.9991334","-78.7775113","181.5759735","30270","1993","false","false"
"252","BYU","Cougars","BYU","Brigham Young","BYU","BYU","FBS Independents","","#003da5","#ffffff","http://a.espncdn.com/i/teamlogos/ncaa/500/252.png","http://a.espncdn.com/i/teamlogos/ncaa/500-dark/252.png","@BYUFootball","3801","LaVell Edwards Stadium","Provo","UT","84602","US","America/Denver","40.2575347","-111.6545247","1412.097046","63470","1964","true","false"
"25","California","Golden Bears","CAL","","CAL","California","Pac-12","","#031522","#ffc423","http://a.espncdn.com/i/teamlogos/ncaa/500/25.png","http://a.espncdn.com/i/teamlogos/ncaa/500-dark/25.png","@CalFootball","3831","California Memorial Stadium","Berkeley","CA","94720","US","America/Los_Angeles","37.8710434","-122.2507729","125.3108063","62467","1923","false","false"
"2117","Central Michigan","Chippewas","CMU","","CMU","C Michigan","Mid-American","West","#6a0032","#ffc82e","http://a.espncdn.com/i/teamlogos/ncaa/500/2117.png","http://a.espncdn.com/i/teamlogos/ncaa/500-dark/2117.png","@CMU_Football","3786","Kelly/Shorts Stadium","Mount Pleasant","MI","48859","US","America/Detroit","43.5777313","-84.7709904","240.9007721","30255","1972","false","false"
"2429","Charlotte","49ers","CLT","","CLT","Charlotte","Conference USA","","#046A38","#B9975B","http://a.espncdn.com/i/teamlogos/ncaa/500/2429.png","http://a.espncdn.com/i/teamlogos/ncaa/500-dark/2429.png","@CharlotteFTBL","4418","Jerry Richardson Stadium","Charlotte","NC","28223","US","America/New_York","35.3105033","-80.7401194","190.365509","15300","2013","false","false"
"2132","Cincinnati","Bearcats","CIN","","CIN","Cincinnati","American Athletic","","#E00122","#000000","http://a.espncdn.com/i/teamlogos/ncaa/500/2132.png","http://a.espncdn.com/i/teamlogos/ncaa/500-dark/2132.png","@GoBearcatsFB","3854","Nippert Stadium","Cincinnati","OH","45221","US","America/New_York","39.1312495","-84.5161913","230.0660553","40000","1915","false","false"
"228","Clemson","Tigers","CLEM","","CLEM","Clemson","ACC","Atlantic","#f56600","#522d80","http://a.espncdn.com/i/teamlogos/ncaa/500/228.png","http://a.espncdn.com/i/teamlogos/ncaa/500-dark/228.png","@ClemsonFB","3836","Memorial Stadium (Clemson, SC)","Clemson","SC","29634","US","America/New_York","34.6787737","-82.8432428","205.6452179","81500","1942","true","false"
"324","Coastal Carolina","Chanticleers","CCU","","CCU","Coastal Car","Sun Belt","East","#007073","#876447","http://a.espncdn.com/i/teamlogos/ncaa/500/324.png","http://a.espncdn.com/i/teamlogos/ncaa/500-dark/324.png","@CoastalFootball","3654","Brooks Stadium (SC)","Conway","SC","29528","US","America/New_York","33.7928506","-79.0166946","13.74894905","21000","2003","false","false"
"38","Colorado","Buffaloes","COLO","","COLO","Colorado","Pac-12","","#CFB87C","#000000","http://a.espncdn.com/i/teamlogos/ncaa/500/38.png","http://a.espncdn.com/i/teamlogos/ncaa/500-dark/38.png","@CUBuffsFootball","3726","Folsom Field","Boulder","CO","80309","US","America/Denver","40.0094746","-105.266905","1634.041138","50183","1924","true","false"
"36","Colorado State","Rams","CSU","","CSU","Colorado St","Mountain West","Mountain","#1e4d2b","#c8c372","http://a.espncdn.com/i/teamlogos/ncaa/500/36.png","http://a.espncdn.com/i/teamlogos/ncaa/500-dark/36.png","@CSUFootball","5388","Canvas Stadium","Fort Collins","CO","80521","US","America/Denver","40.570015","-105.088435","1528.4","36500","2017","false","false"
"150","Duke","Blue Devils","DUKE","","DUKE","Duke","ACC","Coastal","#013088","#ffffff","http://a.espncdn.com/i/teamlogos/ncaa/500/150.png","http://a.espncdn.com/i/teamlogos/ncaa/500-dark/150.png","@DukeFootball","3982","Wallace Wade Stadium","Durham","NC","27708","US","America/New_York","35.9953688","-78.9417564","103.0028152","40004","1929","true","false"
"151","East Carolina","Pirates","ECU","","ECU","East Carolina","American Athletic","","#4b1869","#f0907b","http://a.espncdn.com/i/teamlogos/ncaa/500/151.png","http://a.espncdn.com/i/teamlogos/ncaa/500-dark/151.png","@ECUPiratesFB","3699","Dowdy-Ficklen Stadium","Greenville","NC","27858","US","America/New_York","35.5968486","-77.364564","19.0564537","50000","1963","true","false"
"2199","Eastern Michigan","Eagles","EMU","","EMU","E Michigan","Mid-American","West","#00331b","#f0f0f0","http://a.espncdn.com/i/teamlogos/ncaa/500/2199.png","http://a.espncdn.com/i/teamlogos/ncaa/500-dark/2199.png","@EMUFB","3912","Rynearson Stadium","Ypsilanti","MI","48197","US","America/Detroit","42.256126","-83.647285","241.248764","30200","1969","false","false"
"57","Florida","Gators","FLA","","FLA","Florida","SEC","East","#0021a5","#fa4616","http://a.espncdn.com/i/teamlogos/ncaa/500/57.png","http://a.espncdn.com/i/teamlogos/ncaa/500-dark/57.png","@GatorsFB","3634","Ben Hill Griffin Stadium","Gainesville","FL","32653","US","America/New_York","29.6499357","-82.3485788","44.97250748","88548","1930","true","false"
"2226","Florida Atlantic","Owls","FAU","","FAU","FAU","Conference USA","","#00447c","#d31245","http://a.espncdn.com/i/teamlogos/ncaa/500/2226.png","http://a.espncdn.com/i/teamlogos/ncaa/500-dark/2226.png","@FAUFootball","3715","FAU Stadium","Boca Raton","FL","33499","US","America/New_York","26.3763763","-80.1015759","3.613628864","29419","2011","false","false"
"2229","Florida International","Panthers","FIU","Florida Intl","FIU","FIU","Conference USA","","#001538","#c5960c","http://a.espncdn.com/i/teamlogos/ncaa/500/2229.png","http://a.espncdn.com/i/teamlogos/ncaa/500-dark/2229.png","@FIUFootball","218","FIU Stadium","Miami","FL","33199","US","America/New_York","25.7525014","-80.3778912","1.718581796","20000","1995","false","false"
"52","Florida State","Seminoles","FSU","","FSU","Florida St","ACC","Atlantic","#782f40","#ceb888","http://a.espncdn.com/i/teamlogos/ncaa/500/52.png","http://a.espncdn.com/i/teamlogos/ncaa/500-dark/52.png","@FSUFootball","3697","Doak Campbell Stadium","Tallahassee","FL","32306","US","America/New_York","30.4381692","-84.3044032","19.55942535","79560","1950","true","false"
"278","Fresno State","Bulldogs","FRES","","FRES","Fresno St","Mountain West","West","#db0032","#002e6d","http://a.espncdn.com/i/teamlogos/ncaa/500/278.png","http://a.espncdn.com/i/teamlogos/ncaa/500-dark/278.png","@FresnoStateFB","3660","Valley Children's Stadium","Fresno","CA","93740","US","America/Los_Angeles","36.8143527","-119.7580092","102.564064","41031","1980","false","false"
"61","Georgia","Bulldogs","UGA","","UGA","Georgia","SEC","East","#ba0c2f","#ffffff","http://a.espncdn.com/i/teamlogos/ncaa/500/61.png","http://a.espncdn.com/i/teamlogos/ncaa/500-dark/61.png","@GeorgiaFootball","3917","Sanford Stadium","Athens","GA","30602","US","America/New_York","33.9498197","-83.3733813","186.1120758","92746","1929","true","false"
"290","Georgia Southern","Eagles","GASO","","GASO","GA Southern","Sun Belt","East","#003775","#f0f0f0","http://a.espncdn.com/i/teamlogos/ncaa/500/290.png","http://a.espncdn.com/i/teamlogos/ncaa/500-dark/290.png","@GSAthletics_FB","3608","Allen E. Paulson Stadium","Statesboro","GA","30460","US","America/New_York","32.4122471","-81.7849296","61.25376892","25000","1984","false","false"
"2247","Georgia State","Panthers","GAST","","GAST","Georgia St","Sun Belt","East","#1e539a","#ebebeb","http://a.espncdn.com/i/teamlogos/ncaa/500/2247.png","http://a.espncdn.com/i/teamlogos/ncaa/500-dark/2247.png","@GeorgiaStateFB","4246","Center Parc Stadium","Atlanta","GA","30315","US","America/New_York","33.735267","-84.389949","287","25000","2017","false","false"
"59","Georgia Tech","Yellow Jackets","GT","","GT","Georgia Tech","ACC","Coastal","#003057","#b3a369","http://a.espncdn.com/i/teamlogos/ncaa/500/59.png","http://a.espncdn.com/i/teamlogos/ncaa/500-dark/59.png","@GeorgiaTechFB","721","Bobby Dodd Stadium","Atlanta","GA","30332","US","America/New_York","33.7724449","-84.3928054","279.300415","55000","1913","false","false"
"62","Hawai'i","Rainbow Warriors","HAW","","HAW","Hawai'i","Mountain West","West","#003420","#ffffff","http://a.espncdn.com/i/teamlogos/ncaa/500/62.png","http://a.espncdn.com/i/teamlogos/ncaa/500-dark/62.png","@HawaiiFootball","7220","Clarence T.C. Ching Athletics Complex","Honolulu","HI","96822","","","21.294294","-157.819338","20","9000","","true","false"
"248","Houston","Cougars","HOU","","HOU","Houston","American Athletic","","#c92a39","#ffffff","http://a.espncdn.com/i/teamlogos/ncaa/500/248.png","http://a.espncdn.com/i/teamlogos/ncaa/500-dark/248.png","@UHCougarFB","4728","TDECU Stadium","Houston","TX","77004","US","America/Chicago","29.7219885","-95.3491623","9.57440567","40000","2014","false","false"
"356","Illinois","Fighting Illini","ILL","","ILL","Illinois","Big Ten","West","#ff5f05","#13294b","http://a.espncdn.com/i/teamlogos/ncaa/500/356.png","http://a.espncdn.com/i/teamlogos/ncaa/500-dark/356.png","@IlliniFootball","3832","Memorial Stadium (Champaign, IL)","Champaign","IL","61820","US","America/Chicago","40.0993268","-88.2359569","223.2471619","60670","1923","false","false"
"84","Indiana","Hoosiers","IU","","IU","Indiana","Big Ten","East","#990000","#edebeb","http://a.espncdn.com/i/teamlogos/ncaa/500/84.png","http://a.espncdn.com/i/teamlogos/ncaa/500-dark/84.png","@IndianaFootball","3830","Memorial Stadium (Bloomington, IN)","Bloomington","IN","47408","US","America/Indiana/Indianapolis","39.1808959","-86.5256217","231.6500854","52656","1960","false","false"
"2294","Iowa","Hawkeyes","IOWA","","IOWA","Iowa","Big Ten","West","#000000","#FFCD00","http://a.espncdn.com/i/teamlogos/ncaa/500/2294.png","http://a.espncdn.com/i/teamlogos/ncaa/500-dark/2294.png","@HawkeyeFootball","3793","Kinnick Stadium","Iowa City","IA","52242","US","America/Chicago","41.6586045","-91.5510829","220.6357727","69250","1929","false","false"
"66","Iowa State","Cyclones","ISU","","ISU","Iowa State","Big 12","","#822433","#fdca2f","http://a.espncdn.com/i/teamlogos/ncaa/500/66.png","http://a.espncdn.com/i/teamlogos/ncaa/500-dark/66.png","@CycloneFB","3772","Jack Trice Stadium","Ames","IA","50011","US","America/Chicago","42.0139977","-93.6357716","274.9135437","61500","1975","true","false"
"256","James Madison","Dukes","JMU","","JMU","James Madison","Sun Belt","East","#450084","#b5a068","http://a.espncdn.com/i/teamlogos/ncaa/500/256.png","http://a.espncdn.com/i/teamlogos/ncaa/500-dark/256.png","@JMUFootball","3651","Bridgeforth Stadium","Harrisonburg","VA","22807","US","America/New_York","38.4352919","-78.8729349","399.303009","24877","1975","false","false"
"2305","Kansas","Jayhawks","KU","","KU","Kansas","Big 12","","#0051ba","#e8000d","http://a.espncdn.com/i/teamlogos/ncaa/500/2305.png","http://a.espncdn.com/i/teamlogos/ncaa/500-dark/2305.png","@KU_Football","3833","Memorial Stadium","Lawrence","KS","66045","US","America/Chicago","38.9629418","-95.2463686","274.855957","47000","1921","false","false"
"2306","Kansas State","Wildcats","KSU","","KSU","Kansas St","Big 12","","#3c0969","#e2e3e4","http://a.espncdn.com/i/teamlogos/ncaa/500/2306.png","http://a.espncdn.com/i/teamlogos/ncaa/500-dark/2306.png","@KStateFB","3636","Bill Snyder Family Stadium","Manhattan","KS","66502","US","America/Chicago","39.2020096","-96.5938395","328.0574646","50000","1968","false","false"
"2309","Kent State","Golden Flashes","KENT","","KENT","Kent State","Mid-American","East","#003976","#efab00","http://a.espncdn.com/i/teamlogos/ncaa/500/2309.png","http://a.espncdn.com/i/teamlogos/ncaa/500-dark/2309.png","@KentStFootball","3696","Dix Stadium","Kent","OH","44242","US","America/New_York","41.1390935","-81.31346","321.3641663","25319","1969","false","false"
"96","Kentucky","Wildcats","UK","","UK","Kentucky","SEC","East","#0033a0","#ffffff","http://a.espncdn.com/i/teamlogos/ncaa/500/96.png","http://a.espncdn.com/i/teamlogos/ncaa/500-dark/96.png","@UKFootball","3683","Kroger Field","Lexington","KY","40506","US","America/New_York","38.0220905","-84.5053408","307.4248962","61000","1973","false","false"
"2335","Liberty","Flames","LIB","","LIB","Liberty","FBS Independents","","#071740","#a61f21","http://a.espncdn.com/i/teamlogos/ncaa/500/2335.png","http://a.espncdn.com/i/teamlogos/ncaa/500-dark/2335.png","@LibertyFootball","3992","Williams Stadium (VA)","Lynchburg","VA","24502","US","America/New_York","37.3544305","-79.1750239","272.9237061","25000","1989","false","false"
"309","Louisiana","Ragin' Cajuns","UL","UL Lafayette","UL","Louisiana","Sun Belt","West","#ce181e","#ffffff","http://a.espncdn.com/i/teamlogos/ncaa/500/309.png","http://a.espncdn.com/i/teamlogos/ncaa/500-dark/309.png","@RaginCajunsFB","3666","Cajun Field","Lafayette","LA","70506","US","America/Chicago","30.2158434","-92.0417371","3.556508303","41426","1971","false","false"
"2348","Louisiana Tech","Bulldogs","LT","","LT","Louisiana Tech","Conference USA","","#002d65","#d3313a","http://a.espncdn.com/i/teamlogos/ncaa/500/2348.png","http://a.espncdn.com/i/teamlogos/ncaa/500-dark/2348.png","@LATechFB","3776","Joe Aillet Stadium","Ruston","LA","71272","US","America/Chicago","32.5321487","-92.6560019","72.87982941","28019","1968","false","false"
"97","Louisville","Cardinals","LOU","","LOU","Louisville","ACC","Atlantic","#c9001f","#000000","http://a.espncdn.com/i/teamlogos/ncaa/500/97.png","http://a.espncdn.com/i/teamlogos/ncaa/500-dark/97.png","@LouisvilleFB","3873","L&N Federal Credit Union Stadium","Louisville","KY","40292","US","America/Kentucky/Louisville","38.2057621","-85.7588141","138.5615997","60000","1998","false","false"
"99","LSU","Tigers","LSU","Louisiana State","LSU","LSU","SEC","West","#461d7c","#fdd023","http://a.espncdn.com/i/teamlogos/ncaa/500/99.png","http://a.espncdn.com/i/teamlogos/ncaa/500-dark/99.png","@LSUFootball","3958","Tiger Stadium (LA)","Baton Rouge","LA","70803","US","America/Chicago","30.412035","-91.1838163","7.640734673","102321","1924","true","false"
"276","Marshall","Thundering Herd","MRSH","","MRSH","Marshall","Sun Belt","East","#00ae42","#be854c","http://a.espncdn.com/i/teamlogos/ncaa/500/276.png","http://a.espncdn.com/i/teamlogos/ncaa/500-dark/276.png","@HerdFB","3775","Joan C. Edwards Stadium","Huntington","WV","25755","US","America/New_York","38.4247042","-82.4214412","163.7328186","38016","1991","false","false"
"120","Maryland","Terrapins","MD","","MD","Maryland","Big Ten","East","#D5002B","#ffcd00","http://a.espncdn.com/i/teamlogos/ncaa/500/120.png","http://a.espncdn.com/i/teamlogos/ncaa/500-dark/120.png","@TerpsFootball","3665","SECU Stadium","College Park","MD","20742","US","America/New_York","38.9903332","-76.9473792","32.68748093","51802","1950","false","false"
"113","Massachusetts","Minutemen","MASS","UMass","MASS","Massachusetts","FBS Independents","","#971B2F","#B1B3B3","http://a.espncdn.com/i/teamlogos/ncaa/500/113.png","http://a.espncdn.com/i/teamlogos/ncaa/500-dark/113.png","@UMassFootball","3985","Warren McGuirk Alumni Stadium","Hadley","MA","1003 ","US","America/New_York","42.3773244","-72.5360595","46.58664703","17000","1965","false","false"
"235","Memphis","Tigers","MEM","","MEM","Memphis","American Athletic","","#004991","#8e908f","http://a.espncdn.com/i/teamlogos/ncaa/500/235.png","http://a.espncdn.com/i/teamlogos/ncaa/500-dark/235.png","@MemphisFB","3805","Simmons Bank Liberty Stadium","Memphis","TN","38152","US","America/Chicago","35.1209429","-89.977147","90.62445831","58325","1965","false","false"
"2390","Miami","Hurricanes","MIA","Miami (FL)","MIA","Miami","ACC","Coastal","#005030","#f47321","http://a.espncdn.com/i/teamlogos/ncaa/500/2390.png","http://a.espncdn.com/i/teamlogos/ncaa/500-dark/2390.png","@CanesFootball","3948","Hard Rock Stadium","Miami Gardens","FL","33299","US","America/New_York","25.9579665","-80.2388604","2.624486446","64767","1987","false","false"
"193","Miami (OH)","RedHawks","M-OH","","M-OH","Miami OH","Mid-American","East","#a4000c","#f0f0f0","http://a.espncdn.com/i/teamlogos/ncaa/500/193.png","http://a.espncdn.com/i/teamlogos/ncaa/500-dark/193.png","@MiamiOHFootball","3996","Yager Stadium","Oxford","OH","45056","US","America/New_York","39.5197009","-84.7330255","242.2643585","24286","1983","false","false"
"130","Michigan","Wolverines","MICH","","MICH","Michigan","Big Ten","East","#00274c","#ffcb05","http://a.espncdn.com/i/teamlogos/ncaa/500/130.png","http://a.espncdn.com/i/teamlogos/ncaa/500-dark/130.png","@UMichFootball","3558","Michigan Stadium","Ann Arbor","MI","48109","US","America/Detroit","42.2658365","-83.7486956","255.5500031","107601","1927","false","false"
"127","Michigan State","Spartans","MSU","","MSU","Michigan St","Big Ten","East","#18453b","#ffffff","http://a.espncdn.com/i/teamlogos/ncaa/500/127.png","http://a.espncdn.com/i/teamlogos/ncaa/500-dark/127.png","@MSU_Football","3936","Spartan Stadium","East Lansing","MI","48824","US","America/Detroit","42.7281474","-84.4848526","254.8794861","75005","1923","true","false"
"2393","Middle Tennessee","Blue Raiders","MTSU","Middle Tennessee State","MTSU","MTSU","Conference USA","","#006db6","#ffffff","http://a.espncdn.com/i/teamlogos/ncaa/500/2393.png","http://a.espncdn.com/i/teamlogos/ncaa/500-dark/2393.png","@MT_FB","3725","Johnny ""Red"" Floyd Stadium","Murfreesboro","TN","37132","US","America/Chicago","35.8511463","-86.3681649","191.7279816","30788","1933","false","false"
"135","Minnesota","Golden Gophers","MINN","","MINN","Minnesota","Big Ten","West","#5e0a2f","#fab41c","http://a.espncdn.com/i/teamlogos/ncaa/500/135.png","http://a.espncdn.com/i/teamlogos/ncaa/500-dark/135.png","@GopherFootball","3953","Huntington Bank Stadium","Minneapolis","MN","55488","US","America/Chicago","44.976525","-93.2245462","254.3902283","50850","2009","false","false"
"344","Mississippi State","Bulldogs","MSST","","MSST","Mississippi St","SEC","West","#5d1725","#c1c6c8","http://a.espncdn.com/i/teamlogos/ncaa/500/344.png","http://a.espncdn.com/i/teamlogos/ncaa/500-dark/344.png","@HailStateFB","3693","Davis Wade Stadium","Starkville","MS","39762","US","America/Chicago","33.4563403","-88.7933652","110.2742081","61337","1914","true","false"
"142","Missouri","Tigers","MIZ","","MIZ","Missouri","SEC","East","#f1b82d","#000000","http://a.espncdn.com/i/teamlogos/ncaa/500/142.png","http://a.espncdn.com/i/teamlogos/ncaa/500-dark/142.png","@MizzouFootball","3838","Memorial Stadium","Columbia","MO","65211","US","America/Chicago","38.9358491","-92.3332009","212.6865692","71168","1927","false","false"
"2426","Navy","Midshipmen","NAVY","","NAVY","Navy","American Athletic","","#00225b","#b5a67c","http://a.espncdn.com/i/teamlogos/ncaa/500/2426.png","http://a.espncdn.com/i/teamlogos/ncaa/500-dark/2426.png","@NavyFB","3852","Navy-Marine Corps Memorial Stadium","Annapolis","MD","21402","US","America/New_York","38.9846985","-76.5076335","10.74990082","34000","1959","false","false"
"152","NC State","Wolfpack","NCSU","North Carolina St.","NCSU","NC State","ACC","Atlantic","#cc0000","#ffffff","http://a.espncdn.com/i/teamlogos/ncaa/500/152.png","http://a.espncdn.com/i/teamlogos/ncaa/500-dark/152.png","@PackFootball","3670","Carter-Finley Stadium","Raleigh","NC","27695","US","America/New_York","35.8008001","-78.7195655","117.0089951","58000","1966","true","false"
"158","Nebraska","Cornhuskers","NEB","","NEB","Nebraska","Big Ten","West","#d00000","#ffffff","http://a.espncdn.com/i/teamlogos/ncaa/500/158.png","http://a.espncdn.com/i/teamlogos/ncaa/500-dark/158.png","@HuskerFBNation","3834","Memorial Stadium (Lincoln, NE)","Lincoln","NE","68588","US","America/Chicago","40.820682","-96.705594","354.9318848","85458","1923","false","false"
"2440","Nevada","Wolf Pack","NEV","","NEV","Nevada","Mountain West","West","#002d62","#ffffff","http://a.espncdn.com/i/teamlogos/ncaa/500/2440.png","http://a.espncdn.com/i/teamlogos/ncaa/500-dark/2440.png","@NevadaFootball","3816","Mackay Stadium","Reno","NV","89557","US","America/Los_Angeles","39.5469459","-119.8175435","1406.57605","27000","1966","false","false"
"167","New Mexico","Lobos","UNM","","UNM","New Mexico","Mountain West","Mountain","#BA0C2F","#a7a8aa","http://a.espncdn.com/i/teamlogos/ncaa/500/167.png","http://a.espncdn.com/i/teamlogos/ncaa/500-dark/167.png","@UNMLoboFB","3971","University Stadium (NM)","Albuquerque","NM","87131","US","America/Denver","35.0669479","-106.6283225","1554.471924","39224","1960","false","false"
"166","New Mexico State","Aggies","NMSU","","NMSU","New Mexico St","FBS Independents","","#891216","#000000","http://a.espncdn.com/i/teamlogos/ncaa/500/166.png","http://a.espncdn.com/i/teamlogos/ncaa/500-dark/166.png","@NMStateFootball","3601","Aggie Memorial Stadium","Las Cruces","NM","88003","US","America/Denver","32.2796202","-106.7411148","1208.201294","28853","1978","false","false"
"153","North Carolina","Tar Heels","UNC","","UNC","North Carolina","ACC","Coastal","#7bafd4","#13294b","http://a.espncdn.com/i/teamlogos/ncaa/500/153.png","http://a.espncdn.com/i/teamlogos/ncaa/500-dark/153.png","@UNCFootball","3787","Kenan Stadium","Chapel Hill","NC","27515","US","America/New_York","35.9069294","-79.0478889","127.7569809","50500","1927","false","false"
"2459","Northern Illinois","Huskies","NIU","","NIU","N Illinois","Mid-American","West","#F1122C","#cc0000","http://a.espncdn.com/i/teamlogos/ncaa/500/2459.png","http://a.espncdn.com/i/teamlogos/ncaa/500-dark/2459.png","@NIU_Football","3764","Huskie Stadium","DeKalb","IL","60115","US","America/Chicago","41.9339586","-88.7778357","267.4530029","23595","1965","false","false"
"249","North Texas","Mean Green","UNT","","UNT","North Texas","Conference USA","","#00853E","#000000","http://a.espncdn.com/i/teamlogos/ncaa/500/249.png","http://a.espncdn.com/i/teamlogos/ncaa/500-dark/249.png","@MeanGreenFB","3825","DATCU Stadium","Denton","TX","76210","US","America/Chicago","33.203899","-97.159245","198.6871948","30850","2011","false","false"
"77","Northwestern","Wildcats","NU","","NU","Northwestern","Big Ten","West","#582c83","#ffffff","http://a.espncdn.com/i/teamlogos/ncaa/500/77.png","http://a.espncdn.com/i/teamlogos/ncaa/500-dark/77.png","@NUFBFamily","3911","Ryan Field","Evanston","IL","60208","US","America/Chicago","42.0653994","-87.6924751","181.2376099","47130","1926","true","false"
"87","Notre Dame","Fighting Irish","ND","","ND","Notre Dame","FBS Independents","","#0c2340","#c99700","http://a.espncdn.com/i/teamlogos/ncaa/500/87.png","http://a.espncdn.com/i/teamlogos/ncaa/500-dark/87.png","@NDFootball","3855","Notre Dame Stadium","Notre Dame","IN","46556","US","America/Indiana/Indianapolis","41.698378","-86.2339425","222.645401","80795","1930","false","false"
"195","Ohio","Bobcats","OHIO","","OHIO","Ohio","Mid-American","East","#295A29","#e4bb85","http://a.espncdn.com/i/teamlogos/ncaa/500/195.png","http://a.espncdn.com/i/teamlogos/ncaa/500-dark/195.png","@OhioFootball","3876","Peden Stadium","Athens","OH","45701","US","America/New_York","39.3212794","-82.1034315","194.230896","24000","1929","false","false"
"194","Ohio State","Buckeyes","OSU","","OSU","Ohio State","Big Ten","East","#ce1141","#505056","http://a.espncdn.com/i/teamlogos/ncaa/500/194.png","http://a.espncdn.com/i/teamlogos/ncaa/500-dark/194.png","@OhioStateFB","3861","Ohio Stadium","Columbus","OH","43210","US","America/New_York","40.0016447","-83.0197266","216.6770325","102780","1922","false","false"
"201","Oklahoma","Sooners","OU","","OU","Oklahoma","Big 12","","#a32036","#ffffff","http://a.espncdn.com/i/teamlogos/ncaa/500/201.png","http://a.espncdn.com/i/teamlogos/ncaa/500-dark/201.png","@OU_Football","3835","Memorial Stadium (Norman, OK)","Norman","OK","73019","US","America/Chicago","35.2058537","-97.4423145","355.0962524","86112","1925","true","false"
"197","Oklahoma State","Cowboys","OKST","","OKST","Oklahoma St","Big 12","","#FF7300","#000000","http://a.espncdn.com/i/teamlogos/ncaa/500/197.png","http://a.espncdn.com/i/teamlogos/ncaa/500-dark/197.png","@CowboyFB","3646","Boone Pickens Stadium","Stillwater","OK","74078","US","America/Chicago","36.125673","-97.066513","276.4808655","55509","1919","false","false"
"295","Old Dominion","Monarchs","ODU","","ODU","Old Dominion","Sun Belt","East","#00507d","#a1d2f1","http://a.espncdn.com/i/teamlogos/ncaa/500/295.png","http://a.espncdn.com/i/teamlogos/ncaa/500-dark/295.png","@ODUFootball","3918","S.B. Ballard Stadium","Norfolk","VA","23551","US","America/New_York","36.8889533","-76.3049175","3.147987843","20118","1936","false","false"
"145","Ole Miss","Rebels","MISS","","MISS","Ole Miss","SEC","West","#13294b","#c8102e","http://a.espncdn.com/i/teamlogos/ncaa/500/145.png","http://a.espncdn.com/i/teamlogos/ncaa/500-dark/145.png","@OleMissFB","3974","Vaught-Hemingway Stadium","Oxford","MS","38677","US","America/Chicago","34.3619837","-89.5342076","146.8517151","64038","1915","true","false"
"2483","Oregon","Ducks","ORE","","ORE","Oregon","Pac-12","","#007030","#fee11a","http://a.espncdn.com/i/teamlogos/ncaa/500/2483.png","http://a.espncdn.com/i/teamlogos/ncaa/500-dark/2483.png","@OregonFootball","3626","Autzen Stadium","Eugene","OR","97401","US","America/Los_Angeles","44.0582712","-123.0684883","127.4198303","54000","1967","false","false"
"204","Oregon State","Beavers","ORST","","ORST","Oregon St","Pac-12","","#231f20","#d73f09","http://a.espncdn.com/i/teamlogos/ncaa/500/204.png","http://a.espncdn.com/i/teamlogos/ncaa/500-dark/204.png","@BeaverFootball","3893","Reser Stadium","Corvallis","OR","97331","US","America/Los_Angeles","44.5594559","-123.2814341","66.90744781","43363","1953","false","false"
"213","Penn State","Nittany Lions","PSU","","PSU","Penn State","Big Ten","East","#041E42","#FFFFFF","http://a.espncdn.com/i/teamlogos/ncaa/500/213.png","http://a.espncdn.com/i/teamlogos/ncaa/500-dark/213.png","@PennStateFball","3632","Beaver Stadium","University Park","PA","16802","US","America/New_York","40.8121958","-77.8561023","354.1551514","106572","1960","true","false"
"221","Pittsburgh","Panthers","PITT","Pitt","PITT","Pitt","ACC","Coastal","#003263","#231f20","http://a.espncdn.com/i/teamlogos/ncaa/500/221.png","http://a.espncdn.com/i/teamlogos/ncaa/500-dark/221.png","@Pitt_FB","3752","Acrisure Stadium","Pittsburgh","PA","15260","US","America/New_York","40.4467648","-80.0157603","220.5887146","68400","2001","true","false"
"2509","Purdue","Boilermakers","PUR","","PUR","Purdue","Big Ten","West","#000000","#ceb888","http://a.espncdn.com/i/teamlogos/ncaa/500/2509.png","http://a.espncdn.com/i/teamlogos/ncaa/500-dark/2509.png","@BoilerFootball","3907","Ross-Ade Stadium","West Lafayette","IN","47907","US","America/Indiana/Indianapolis","40.4352253","-86.9186843","197.5337677","57282","1924","true","false"
"242","Rice","Owls","RICE","","RICE","Rice","Conference USA","","#d1d5d8","#003d7d","http://a.espncdn.com/i/teamlogos/ncaa/500/242.png","http://a.espncdn.com/i/teamlogos/ncaa/500-dark/242.png","@RiceFootball","3895","Rice Stadium","Houston","TX","77251","US","America/Chicago","29.7163297","-95.4093261","7.148301601","47000","1950","false","false"
"164","Rutgers","Scarlet Knights","RUTG","","RUTG","Rutgers","Big Ten","East","#d21034","#ffffff","http://a.espncdn.com/i/teamlogos/ncaa/500/164.png","http://a.espncdn.com/i/teamlogos/ncaa/500-dark/164.png","@Rfootball","6577","SHI Stadium","Piscataway","NJ","08854","US","","40.5462553","-74.4660408","","52454","","false","false"
"21","San Diego State","Aztecs","SDSU","","SDSU","San Diego St","Mountain West","West","#c41230","#000000","http://a.espncdn.com/i/teamlogos/ncaa/500/21.png","http://a.espncdn.com/i/teamlogos/ncaa/500-dark/21.png","@AztecFB","7311","Snapdragon Stadium","San Diego","CA","92093","US","America/Los_Angeles","32.784444","-117.122833","62","35000","2022","true","false"
"23","San José State","Spartans","SJSU","San Jose St.","SJSU","San José St","Mountain West","West","#005893","#fdba31","http://a.espncdn.com/i/teamlogos/ncaa/500/23.png","http://a.espncdn.com/i/teamlogos/ncaa/500-dark/23.png","@SanJoseStateFB","3935","CEFCU Stadium","San Jose","CA","95112","US","America/Los_Angeles","37.3196675","-121.8682962","28.30708694","30456","1933","false","false"
"2567","SMU","Mustangs","SMU","Southern Methodist","SMU","SMU","American Athletic","","#354ca1","#cc0035","http://a.espncdn.com/i/teamlogos/ncaa/500/2567.png","http://a.espncdn.com/i/teamlogos/ncaa/500-dark/2567.png","@SMUFB","3735","Gerald J. Ford Stadium","University Park","TX","75275","US","America/Chicago","32.8377223","-96.7827859","169.4058075","32000","2000","false","false"
"6","South Alabama","Jaguars","USA","","USA","South Alabama","Sun Belt","West","#00205B","#BF0D3E","http://a.espncdn.com/i/teamlogos/ncaa/500/6.png","http://a.espncdn.com/i/teamlogos/ncaa/500-dark/6.png","@SouthAlabamaFB","6526","Hancock Whitney Stadium","Mobile","AL","85329","US","","30.6943566","-88.0430541","","25450","","false","false"
"2579","South Carolina","Gamecocks","SC","","SC","South Carolina","SEC","East","#73000a","#ffffff","http://a.espncdn.com/i/teamlogos/ncaa/500/2579.png","http://a.espncdn.com/i/teamlogos/ncaa/500-dark/2579.png","@GamecockFB","3994","Williams-Brice Stadium","Columbia","SC","29208","US","America/New_York","33.9730239","-81.0191726","60.54548645","80250","1934","true","false"
"2572","Southern Miss","Golden Eagles","USM","Southern Mississippi","USM","Southern Miss","Sun Belt","West","#FFAA3C","#ffc423","http://a.espncdn.com/i/teamlogos/ncaa/500/2572.png","http://a.espncdn.com/i/teamlogos/ncaa/500-dark/2572.png","@SouthernMissFB","3815","M. M. Roberts Stadium","Hattiesburg","MS","39402","US","America/Chicago","31.3289321","-89.3318118","64.52726746","36000","1932","false","false"
"58","South Florida","Bulls","USF","","USF","South Florida","American Athletic","","#004A36","#231f20","http://a.espncdn.com/i/teamlogos/ncaa/500/58.png","http://a.espncdn.com/i/teamlogos/ncaa/500-dark/58.png","@USFFootball","3886","Raymond James Stadium","Tampa","FL","33620","US","America/New_York","27.9758691","-82.5033344","11.07972908","65828","1998","true","false"
"24","Stanford","Cardinal","STAN","","STAN","Stanford","Pac-12","","#8c1515","#ffffff","http://a.espncdn.com/i/teamlogos/ncaa/500/24.png","http://a.espncdn.com/i/teamlogos/ncaa/500-dark/24.png","@StanfordFball","3940","Stanford Stadium","Stanford","CA","94305","US","America/Los_Angeles","37.4345556","-122.1611271","18.38425636","50424","2006","true","false"
"183","Syracuse","Orange","SYR","","SYR","Syracuse","ACC","Atlantic","#ff6500","#000e54","http://a.espncdn.com/i/teamlogos/ncaa/500/183.png","http://a.espncdn.com/i/teamlogos/ncaa/500-dark/183.png","@CuseFootball","1964","JMA Wireless Dome","Syracuse","NY","13244","US","America/New_York","43.0362269","-76.1363161","162.6989746","49057","1980","false","true"
"2628","TCU","Horned Frogs","TCU","Texas Christian","TCU","TCU","Big 12","","#4d1979","#f1f2f3","http://a.espncdn.com/i/teamlogos/ncaa/500/2628.png","http://a.espncdn.com/i/teamlogos/ncaa/500-dark/2628.png","@TCUFootball","3616","Amon G. Carter Stadium","Fort Worth","TX","76129","US","America/Chicago","32.7096604","-97.3680835","185.4387054","46000","1929","true","false"
"218","Temple","Owls","TEM","","TEM","Temple","American Athletic","","#A80532","#a7a9ac","http://a.espncdn.com/i/teamlogos/ncaa/500/218.png","http://a.espncdn.com/i/teamlogos/ncaa/500-dark/218.png","@Temple_FB","3806","Lincoln Financial Field","Philadelphia","PA","19122","US","America/New_York","39.9007995","-75.1675414","3.198706865","69879","2003","false","false"
"2633","Tennessee","Volunteers","TENN","","TENN","Tennessee","SEC","East","#ff8200","#58595b","http://a.espncdn.com/i/teamlogos/ncaa/500/2633.png","http://a.espncdn.com/i/teamlogos/ncaa/500-dark/2633.png","@Vol_Football","3853","Neyland Stadium","Knoxville","TN","37996","US","America/New_York","35.9550131","-83.9250128","271.9517212","102455","1921","true","false"
"251","Texas","Longhorns","TEX","","TEX","Texas","Big 12","","#c15d26","#ffffff","http://a.espncdn.com/i/teamlogos/ncaa/500/251.png","http://a.espncdn.com/i/teamlogos/ncaa/500-dark/251.png","@TexasFootball","3910","DKR-Texas Memorial Stadium","Austin","TX","78712","US","America/Chicago","30.2836813","-97.7325345","160.3089447","100119","1924","false","false"
"245","Texas A&M","Aggies","TA&M","","TA&M","Texas A&M","SEC","West","#500000","#ffffff","http://a.espncdn.com/i/teamlogos/ncaa/500/245.png","http://a.espncdn.com/i/teamlogos/ncaa/500-dark/245.png","@AggieFootball","3795","Kyle Field","College Station","TX","77843","US","America/Chicago","30.6098891","-96.3403828","108.824585","102733","1927","true","false"
"326","Texas State","Bobcats","TXST","","TXST","Texas St","Sun Belt","West","#4e1719","#b4975a","http://a.espncdn.com/i/teamlogos/ncaa/500/326.png","http://a.espncdn.com/i/teamlogos/ncaa/500-dark/326.png","@TXStateFootball","3644","Bobcat Stadium (TX)","San Marcos","TX","78666","US","America/Chicago","29.8910008","-97.9255735","177.8676453","30000","1981","false","false"
"2641","Texas Tech","Red Raiders","TTU","","TTU","Texas Tech","Big 12","","#CC0000","#000000","http://a.espncdn.com/i/teamlogos/ncaa/500/2641.png","http://a.espncdn.com/i/teamlogos/ncaa/500-dark/2641.png","@TexasTechFB","3784","Jones AT&T Stadium","Lubbock","TX","79409","US","America/Chicago","33.5910518","-101.8728824","980.7632446","60454","1947","false","false"
"2649","Toledo","Rockets","TOL","","TOL","Toledo","Mid-American","West","#0a2240","#ffcd00","http://a.espncdn.com/i/teamlogos/ncaa/500/2649.png","http://a.espncdn.com/i/teamlogos/ncaa/500-dark/2649.png","@ToledoFB","3739","Glass Bowl","Toledo","OH","43606","US","America/New_York","41.6574777","-83.6135652","181.4839783","26038","1937","false","false"
"2653","Troy","Trojans","TROY","","TROY","Troy","Sun Belt","West","#AE0210","#88898c","http://a.espncdn.com/i/teamlogos/ncaa/500/2653.png","http://a.espncdn.com/i/teamlogos/ncaa/500-dark/2653.png","@TroyTrojansFB","3975","Veterans Memorial Stadium (AL)","Troy","AL","36082","US","America/Chicago","31.7995565","-85.9518328","154.7746277","30000","1950","false","false"
"2655","Tulane","Green Wave","TULN","","TULN","Tulane","American Athletic","","#006547","#468ac9","http://a.espncdn.com/i/teamlogos/ncaa/500/2655.png","http://a.espncdn.com/i/teamlogos/ncaa/500-dark/2655.png","@GreenWaveFB","4729","Yulman Stadium","New Orleans","LA","70118","US","America/Chicago","29.944616","-90.116692","0.0000000000000000000000000000000000000118","30000","2014","false","false"
"202","Tulsa","Golden Hurricane","TLSA","","TLSA","Tulsa","American Athletic","","#003595","#d0b787","http://a.espncdn.com/i/teamlogos/ncaa/500/202.png","http://a.espncdn.com/i/teamlogos/ncaa/500-dark/202.png","@TulsaFootball","3674","Chapman Stadium","Tulsa","OK","74194","US","America/Chicago","36.1489175","-95.9437853","235.5928345","30000","1930","false","false"
"5","UAB","Blazers","UAB","Alabama-Birmingham","UAB","UAB","Conference USA","","#003b28","#ffc845","http://a.espncdn.com/i/teamlogos/ncaa/500/5.png","http://a.espncdn.com/i/teamlogos/ncaa/500-dark/5.png","@UAB_FB","7221","Protective Stadium","Birmingham","AL","35203","US","","33.5206824","-86.8024326","","0","","false","false"
"2116","UCF","Knights","UCF","Central Florida","UCF","UCF","American Athletic","","#ba9b37","#000000","http://a.espncdn.com/i/teamlogos/ncaa/500/2116.png","http://a.espncdn.com/i/teamlogos/ncaa/500-dark/2116.png","@UCF_Football","3652","FBC Mortgage Stadium","Orlando","FL","32816","US","America/New_York","28.6079765","-81.1927233","20.94113731","44206","2007","true","false"
"26","UCLA","Bruins","UCLA","","UCLA","UCLA","Pac-12","","#2774ae","#f2a900","http://a.espncdn.com/i/teamlogos/ncaa/500/26.png","http://a.espncdn.com/i/teamlogos/ncaa/500-dark/26.png","@UCLAFootball","1056","Rose Bowl","Pasadena","CA","90095","US","America/Los_Angeles","34.1613284","-118.1676462","245.1772461","88565","1922","true","false"
"41","UConn","Huskies","CONN","Connecticut","CONN","UConn","FBS Independents","","#0c2340","#f1f2f3","http://a.espncdn.com/i/teamlogos/ncaa/500/41.png","http://a.espncdn.com/i/teamlogos/ncaa/500-dark/41.png","@UConnFootball","3892","Pratt & Whitney Stadium","East Hartford","CT","6118 ","US","America/New_York","41.7595675","-72.6187728","6.515614986","40000","2003","true","false"
"2433","UL Monroe","Warhawks","ULM","La.-Monroe","ULM","UL Monroe","Sun Belt","West","#231F20","#b18445","http://a.espncdn.com/i/teamlogos/ncaa/500/2433.png","http://a.espncdn.com/i/teamlogos/ncaa/500-dark/2433.png","@ULM_FB","3817","Malone Stadium","Monroe","LA","71209","US","America/Chicago","32.5308089","-92.0660602","22.998209","30427","1978","false","false"
"2439","UNLV","Rebels","UNLV","Nevada-Las Vegas","UNLV","UNLV","Mountain West","West","#b10202","#ffffff","http://a.espncdn.com/i/teamlogos/ncaa/500/2439.png","http://a.espncdn.com/i/teamlogos/ncaa/500-dark/2439.png","@UNLVFootball","6501","Allegiant Stadium","Las Vegas","NV","89154","US","","36.1672559","-115.1485163","","65000","","false","true"
"30","USC","Trojans","USC","","USC","USC","Pac-12","","#9e2237","#ffcc00","http://a.espncdn.com/i/teamlogos/ncaa/500/30.png","http://a.espncdn.com/i/teamlogos/ncaa/500-dark/30.png","@uscfb","477","Los Angeles Memorial Coliseum","Los Angeles","CA","90089","US","America/Los_Angeles","34.014167","-118.287778","42.50374222","77500","1923","true","false"
"254","Utah","Utes","UTAH","","UTAH","Utah","Pac-12","","#ea002a","#ffffff","http://a.espncdn.com/i/teamlogos/ncaa/500/254.png","http://a.espncdn.com/i/teamlogos/ncaa/500-dark/254.png","@Utah_Football","587","Rice-Eccles Stadium","Salt Lake City","UT","84112","US","America/Denver","40.7599724","-111.8488255","1411.543579","51444","1998","false","false"
"328","Utah State","Aggies","USU","","USU","Utah State","Mountain West","Mountain","#00263a","#949ca1","http://a.espncdn.com/i/teamlogos/ncaa/500/328.png","http://a.espncdn.com/i/teamlogos/ncaa/500-dark/328.png","@USUFootball","3905","Maverik Stadium","Logan","UT","84322","US","America/Denver","41.7517394","-111.8116007","1427.914429","25513","1968","false","false"
"2638","UTEP","Miners","UTEP","Texas-El Paso","UTEP","UTEP","Conference USA","","#ff8200","#041e42","http://a.espncdn.com/i/teamlogos/ncaa/500/2638.png","http://a.espncdn.com/i/teamlogos/ncaa/500-dark/2638.png","@UTEPFB","3946","Sun Bowl","El Paso","TX","79968","US","America/Denver","31.7733353","-106.507957","1183.697876","51500","1963","false","false"
"2636","UTSA","Roadrunners","UTSA","Texas-San Antonio","UTSA","UTSA","Conference USA","","#002A5C","#f47321","http://a.espncdn.com/i/teamlogos/ncaa/500/2636.png","http://a.espncdn.com/i/teamlogos/ncaa/500-dark/2636.png","","3604","Alamodome","San Antonio","TX","78299","US","America/Chicago","29.4169834","-98.4788143","201.5526886","36582","1993","false","true"
"238","Vanderbilt","Commodores","VAN","","VAN","Vanderbilt","SEC","East","#866d4b","#000000","http://a.espncdn.com/i/teamlogos/ncaa/500/238.png","http://a.espncdn.com/i/teamlogos/ncaa/500-dark/238.png","@VandyFootball","3973","FirstBank Stadium","Nashville","TN","37212","US","America/Chicago","36.1440455","-86.8088942","159.9194641","40351","1922","false","false"
"258","Virginia","Cavaliers","UVA","","UVA","Virginia","ACC","Coastal","#232d4b","#f84c1e","http://a.espncdn.com/i/teamlogos/ncaa/500/258.png","http://a.espncdn.com/i/teamlogos/ncaa/500-dark/258.png","@UVAFootball","3923","Scott Stadium","Charlottesville","VA","22904","US","America/New_York","38.0311801","-78.5137897","170.4677429","61500","1931","true","false"
"259","Virginia Tech","Hokies","VT","","VT","Virginia Tech","ACC","Coastal","#630031","#cf4520","http://a.espncdn.com/i/teamlogos/ncaa/500/259.png","http://a.espncdn.com/i/teamlogos/ncaa/500-dark/259.png","@VT_Football","3799","Lane Stadium","Blacksburg","VA","24061","US","America/New_York","37.2199873","-80.4180643","632.2631226","65632","1965","true","false"
"154","Wake Forest","Demon Deacons","WAKE","","WAKE","Wake Forest","ACC","Atlantic","#9E7E38","#000000","http://a.espncdn.com/i/teamlogos/ncaa/500/154.png","http://a.espncdn.com/i/teamlogos/ncaa/500-dark/154.png","@WakeFB","3630","Allegacy Federal Credit Union Stadium","Winston-Salem","NC","27105","US","America/New_York","36.1305507","-80.2545851","283.548584","31500","1968","false","false"
"264","Washington","Huskies","WASH","","WASH","Washington","Pac-12","","#33006f","#e8d3a2","http://a.espncdn.com/i/teamlogos/ncaa/500/264.png","http://a.espncdn.com/i/teamlogos/ncaa/500-dark/264.png","@UW_Football","3765","Husky Stadium","Seattle","WA","98195","US","America/Los_Angeles","47.6503235","-122.3015746","11.65622807","70138","1920","false","false"
"265","Washington State","Cougars","WSU","","WSU","Washington St","Pac-12","","#981e32","#ffffff","http://a.espncdn.com/i/teamlogos/ncaa/500/265.png","http://a.espncdn.com/i/teamlogos/ncaa/500-dark/265.png","@WSUCougarFB","3820","Gesa Field","Pullman","WA","99164","US","America/Los_Angeles","46.731831","-117.1604991","773.9526367","32952","1972","false","false"
"98","Western Kentucky","Hilltoppers","WKU","","WKU","Western KY","Conference USA","","#F32026","#b3b5b8","http://a.espncdn.com/i/teamlogos/ncaa/500/98.png","http://a.espncdn.com/i/teamlogos/ncaa/500-dark/98.png","@WKUFootball","3796","Houchens Industries-L.T. Smith Stadium","Bowling Green","KY","42101","US","America/Chicago","36.9847901","-86.4594041","154.4346619","22113","1968","false","false"
"2711","Western Michigan","Broncos","WMU","","WMU","W Michigan","Mid-American","West","#532e1f","#8b7f79","http://a.espncdn.com/i/teamlogos/ncaa/500/2711.png","http://a.espncdn.com/i/teamlogos/ncaa/500-dark/2711.png","@WMU_Football","3980","Waldo Stadium","Kalamazoo","MI","49008","US","America/Detroit","42.2860064","-85.6007573","243.8211212","30200","1939","false","false"
"277","West Virginia","Mountaineers","WVU","","WVU","West Virginia","Big 12","","#002855","#eaaa00","http://a.espncdn.com/i/teamlogos/ncaa/500/277.png","http://a.espncdn.com/i/teamlogos/ncaa/500-dark/277.png","@WVUFootball","3842","Milan Puskar Stadium","Morgantown","WV","26507","US","America/New_York","39.6502744","-79.9551873","327.409668","60000","1980","false","false"
"275","Wisconsin","Badgers","WIS","","WIS","Wisconsin","Big Ten","West","#c4012f","#ffffff","http://a.espncdn.com/i/teamlogos/ncaa/500/275.png","http://a.espncdn.com/i/teamlogos/ncaa/500-dark/275.png","@BadgerFootball","347","Camp Randall Stadium","Madison","WI","53711","US","America/Chicago","43.06994","-89.4126943","263.604126","80321","1917","false","false"
"2751","Wyoming","Cowboys","WYO","","WYO","Wyoming","Mountain West","Mountain","#492f24","#ffc425","http://a.espncdn.com/i/teamlogos/ncaa/500/2751.png","http://a.espncdn.com/i/teamlogos/ncaa/500-dark/2751.png","@Wyo_Football","3984","War Memorial Stadium","Laramie","WY","82071","US","America/Denver","41.31161","-105.5681384","2200.153564","29181","1950","false","false"
