"Year","TeamId","Team","Conference","Division","ExpectedWins","Total Games","Total Wins","Total Losses","Total Ties","ConferenceGames Games","ConferenceGames Wins","ConferenceGames Losses","ConferenceGames Ties","HomeGames Games","HomeGames Wins","HomeGames Losses","HomeGames Ties","AwayGames Games","AwayGames Wins","AwayGames Losses","AwayGames Ties"
"2022","2636","UTSA","Conference USA","","9.8","14","11","3","0","9","9","0","0","7","6","1","0","6","5","1","0"
"2022","2673","Valdosta State","Gulf South","","0","11","5","6","0","8","3","5","0","6","2","4","0","5","3","2","0"
"2022","2583","Southern Connecticut State","Northeast 10","","0","11","3","8","0","8","2","6","0","7","2","5","0","4","1","3","0"
"2022","2582","Southern","SWAC","West","6","12","7","5","0","9","5","4","0","5","5","0","0","5","1","4","0"
"2022","2415","Morgan State","MEAC","","3.9","11","4","7","0","5","2","3","0","5","3","2","0","6","1","5","0"
"2022","351","Wingate","South Atlantic","","0","14","11","3","0","6","5","1","0","5","3","2","0","8","8","0","0"
"2022","2047","Averett","Old Dominion","","0","9","3","6","0","1","1","0","0","4","1","3","0","5","2","3","0"
"2022","68","Boise State","Mountain West","Mountain","10.5","14","10","4","0","9","8","1","0","7","5","2","0","6","4","2","0"
"2022","301","San Diego","Pioneer","","4.8","11","5","5","1","8","4","3","1","5","3","1","1","6","2","4","0"
"2022","2056","Belhaven","USA South","","0","10","8","2","0","1","1","0","0","5","4","1","0","5","4","1","0"
"2022","2740","Wisconsin-Lacrosse","Wisconsin","","0","11","9","2","0","7","6","1","0","5","4","1","0","6","5","1","0"
"2022","2146","Colorado School Of Mines","Rocky Mountain","","0","16","13","3","0","10","10","0","0","8","7","1","0","7","6","1","0"
"2022","275","Wisconsin","Big Ten","West","8.8","13","7","6","0","9","4","5","0","7","4","3","0","5","2","3","0"
"2022","309","Louisiana","Sun Belt","West","5.7","13","6","7","0","8","4","4","0","6","4","2","0","6","2","4","0"
"2022","402","Worcester St","MSCAC","","0","10","1","9","0","8","1","7","0","5","0","5","0","5","1","4","0"
"2022","2460","Northern Iowa","MVFC","","6.8","11","6","5","0","8","5","3","0","6","3","3","0","5","3","2","0"
"2022","2205","Edinboro University","Pennsylvania State Athletic","Western","0","11","5","6","0","10","4","6","0","5","2","3","0","5","2","3","0"
"2022","110242","West Florida","Gulf South","","0","14","12","2","0","8","7","1","0","0","0","0","0","7","6","1","0"
"2022","2741","Wisconsin-Lutheran","NACC","","0","10","4","6","0","8","4","4","0","5","3","2","0","5","1","4","0"
"2022","2294","Iowa","Big Ten","West","6.9","13","8","5","0","9","5","4","0","7","4","3","0","5","3","2","0"
"2022","2316","Kentucky Wesleyan","Great Midwest Athletic","","0","11","2","9","0","7","1","6","0","5","2","3","0","6","0","6","0"
"2022","66","Iowa State","Big 12","","4.7","12","4","8","0","9","1","8","0","7","3","4","0","5","1","4","0"
"2022","2429","Charlotte","Conference USA","","2.4","12","3","9","0","8","2","6","0","6","1","5","0","6","2","4","0"
"2022","2115","Central Connecticut","NEC","","0.3","11","2","9","0","7","2","5","0","5","1","4","0","6","1","5","0"
"2022","2916","Incarnate Word","Southland","","10.9","14","12","2","0","4","4","0","0","6","6","0","0","8","6","2","0"
"2022","2747","Wofford","Southern","","2.7","11","3","8","0","8","3","5","0","5","3","2","0","6","0","6","0"
"2022","2802","Bethel (MN)","Minnesota","","0","12","10","2","0","6","6","0","0","5","5","0","0","7","5","2","0"
"2022","2829","Simon Fraser","Lone Star","","0","9","1","8","0","2","0","2","0","1","0","1","0","4","0","4","0"
"2022","311","Maine","CAA","","2.7","11","2","9","0","8","2","6","0","5","1","4","0","6","1","5","0"
"2022","126086","Post University","Independent DII","","0","9","0","9","0","0","0","0","0","0","0","0","0","6","0","6","0"
"2022","245","Texas A&M","SEC","West","4.7","12","5","7","0","8","2","6","0","7","4","3","0","4","0","4","0"
"2022","2744","Wisconsin-Stout","Wisconsin","","0","10","5","5","0","7","3","4","0","5","3","2","0","5","2","3","0"
"2022","418","Hendrix College","Southern Athletic","","0","10","3","7","0","7","2","5","0","4","2","2","0","4","0","4","0"
"2022","271","Wisconsin-Oshkosh","Wisconsin","","0","10","6","4","0","7","4","3","0","4","3","1","0","6","3","3","0"
"2022","2369","Mars Hill","South Atlantic","","0","10","7","3","0","6","4","2","0","5","4","1","0","5","3","2","0"
"2022","2569","South Carolina State","MEAC","","1.6","11","3","8","0","5","1","4","0","5","2","3","0","6","1","5","0"
"2022","171","Columbia","Ivy","","3.9","10","6","4","0","7","3","4","0","5","2","3","0","5","4","1","0"
"2022","2930","Willamette","Northwest","","0","10","2","8","0","7","0","7","0","5","1","4","0","4","0","4","0"
"2022","153","North Carolina","ACC","Coastal","7.1","14","9","5","0","9","6","3","0","6","3","3","0","6","6","0","0"
"2022","2191","East Central (OK)","Great American","","0","11","8","3","0","11","8","3","0","6","5","1","0","5","3","2","0"
"2022","330","Virginia St","CIAA","Northern","0","10","6","4","0","8","5","3","0","5","3","2","0","5","3","2","0"
"2022","2181","Drake","Pioneer","","3.5","11","3","8","0","8","3","5","0","5","1","4","0","6","2","4","0"
"2022","166","New Mexico State","FBS Independents","","7.3","13","7","6","0","2","2","0","0","6","4","2","0","6","2","4","0"
"2022","2545","SE Louisiana","Southland","","6.2","13","9","4","0","4","3","1","0","6","5","1","0","7","4","3","0"
"2022","2858","PennWest California","Pennsylvania State Athletic","Western","0","11","6","5","0","10","5","5","0","6","3","3","0","5","3","2","0"
"2022","152","NC State","ACC","Atlantic","6.9","13","8","5","0","8","4","4","0","7","6","1","0","5","2","3","0"
"2022","2842","UVA Wise","South Atlantic","","0","11","2","9","0","6","0","6","0","5","1","4","0","6","1","5","0"
"2022","568","Minot State","Northern Sun","North","0","11","1","10","0","10","1","9","0","5","1","4","0","6","0","6","0"
"2022","2717","Western Carolina","Southern","","4.3","11","6","5","0","8","4","4","0","5","4","1","0","6","2","4","0"
"2022","2587","Southwest Minnesota State","Northern Sun","South","0","11","4","7","0","11","4","7","0","6","3","3","0","5","1","4","0"
"2022","2710","Western Illinois","MVFC","","2.5","11","0","11","0","8","0","8","0","5","0","5","0","6","0","6","0"
"2022","2745","Wisconsin-Whitewater","Wisconsin","","0","11","8","3","0","7","6","1","0","5","4","1","0","6","4","2","0"
"2022","341","Frostburg State","Mountain East","","0","11","8","3","0","10","7","3","0","6","5","1","0","5","3","2","0"
"2022","290","Georgia Southern","Sun Belt","East","4.3","13","6","7","0","8","3","5","0","6","4","2","0","6","2","4","0"
"2022","2891","Ripon","Midwest","","0","10","9","1","0","9","8","1","0","6","6","0","0","4","3","1","0"
"2022","3112","Christopher Newport","New Jersey","","0","9","7","2","0","6","5","1","0","5","4","1","0","4","3","1","0"
"2022","2570","CSU Pueblo","Rocky Mountain","","0","12","8","4","0","10","7","3","0","6","4","2","0","6","4","2","0"
"2022","2","Auburn","SEC","West","6.7","12","5","7","0","8","2","6","0","8","5","3","0","4","0","4","0"
"2022","2448","North Carolina A&T","Big South","","3.3","11","7","4","0","5","4","1","0","6","6","0","0","4","1","3","0"
"2022","2969","Misericordia","Mid Atlantic","","0","10","3","7","0","8","2","6","0","5","2","3","0","5","1","4","0"
"2022","2296","Jackson State","SWAC","East","8","13","12","1","0","10","10","0","0","5","5","0","0","4","4","0","0"
"2022","2006","Akron","Mid-American","East","2","12","2","10","0","8","1","7","0","5","1","4","0","7","1","6","0"
"2022","2923","Pomona Pitzer","So. Cal.","","0","11","8","3","0","8","7","1","0","4","4","0","0","7","4","3","0"
"2022","2348","Louisiana Tech","Conference USA","","3.8","12","3","9","0","8","2","6","0","5","3","2","0","7","0","7","0"
"2022","2459","Northern Illinois","Mid-American","West","5.7","12","3","9","0","8","2","6","0","6","1","5","0","6","2","4","0"
"2022","11","Colorado Mesa","Rocky Mountain","","0","10","4","6","0","9","3","6","0","5","2","3","0","5","2","3","0"
"2022","30","USC","Pac-12","","9.8","14","11","3","0","10","8","2","0","7","7","0","0","5","4","1","0"
"2022","2532","Salisbury","New Jersey","","0","11","9","2","0","6","6","0","0","5","5","0","0","6","4","2","0"
"2022","2837","East Texas A&M","Southland","","6.3","11","5","6","0","5","3","2","0","6","3","3","0","5","2","3","0"
"2022","2542","Savannah St","SIAC","East","0","9","5","4","0","8","4","4","0","4","2","2","0","4","2","2","0"
"2022","246","Juniata College","Centennial","","0","10","0","10","0","9","0","9","0","5","0","5","0","5","0","5","0"
"2022","2142","Colgate","Patriot","","2","11","3","8","0","6","2","4","0","4","1","3","0","7","2","5","0"
"2022","74","Millikin","CCIW","","0","10","4","6","0","8","3","5","0","5","3","2","0","5","1","4","0"
"2022","56","Stetson","Pioneer","","2","11","4","6","1","8","2","5","1","7","4","3","0","4","0","3","1"
"2022","219","Pennsylvania","Ivy","","6.4","10","8","2","0","7","5","2","0","5","4","1","0","5","4","1","0"
"2022","2428","North Carolina Central","MEAC","","7.8","12","10","2","0","5","4","1","0","4","4","0","0","6","4","2","0"
"2022","2315","Kutztown University","Pennsylvania State Athletic","Eastern","0","11","8","3","0","10","8","2","0","5","3","2","0","6","5","1","0"
"2022","2687","Washburn","Mid America","","0","11","7","4","0","11","7","4","0","5","2","3","0","6","5","1","0"
"2022","426","University of Mount Union","Ohio","","0","15","14","1","0","9","9","0","0","9","9","0","0","5","5","0","0"
"2022","47","Howard","MEAC","","4.9","11","5","6","0","5","4","1","0","2","2","0","0","6","2","4","0"
"2022","2015","Albright","Mid Atlantic","","0","10","0","10","0","8","0","8","0","5","0","5","0","5","0","5","0"
"2022","216","Susquehanna","Centennial","","0","11","10","1","0","9","9","0","0","6","5","1","0","5","5","0","0"
"2022","258","Virginia","ACC","Coastal","4.1","10","3","7","0","7","1","6","0","6","2","4","0","4","1","3","0"
"2022","424","Capital","Ohio","","0","10","0","10","0","9","0","9","0","5","0","5","0","5","0","5","0"
"2022","2466","Northwestern State","Southland","","3.2","11","4","7","0","4","3","1","0","4","2","2","0","6","2","4","0"
"2022","2444","Newberry","South Atlantic","","0","11","9","2","0","6","4","2","0","5","4","1","0","6","5","1","0"
"2022","2721","Whitworth","Northwest","","0","10","6","4","0","7","4","3","0","5","3","2","0","5","3","2","0"
"2022","2695","West Alabama","Gulf South","","0","11","5","6","0","8","3","5","0","5","2","3","0","5","3","2","0"
"2022","2884","Nichols College","Commonwealth Coast","","0","10","4","6","0","6","1","5","0","5","3","2","0","5","1","4","0"
"2022","398","Wilkes","Mid Atlantic","","0","10","7","3","0","9","6","3","0","5","5","0","0","5","2","3","0"
"2022","2894","Sioux Falls","Northern Sun","South","0","11","8","3","0","10","7","3","0","5","3","2","0","6","5","1","0"
"2022","2876","Lincoln (MO)","Mid America","","0","11","0","11","0","11","0","11","0","6","0","6","0","5","0","5","0"
"2022","2119","Central State (OH)","SIAC","West","0","10","3","7","0","7","2","5","0","5","1","4","0","3","1","2","0"
"2022","2980","Ohio Wesleyan","North Coast","","0","10","6","4","0","8","6","2","0","5","3","2","0","5","3","2","0"
"2022","33","Colby College","NESCAC","","0","9","4","5","0","9","4","5","0","4","3","1","0","5","1","4","0"
"2022","348","Hamilton","NESCAC","","0","9","2","7","0","9","2","7","0","4","1","3","0","5","1","4","0"
"2022","2433","UL Monroe","Sun Belt","West","2.9","12","4","8","0","8","3","5","0","5","3","2","0","7","1","6","0"
"2022","111674","Reading","Mid Atlantic","","0","10","3","7","0","8","2","6","0","5","0","5","0","5","3","2","0"
"2022","257","Richmond","CAA","","8.7","13","9","4","0","8","6","2","0","6","5","1","0","7","4","3","0"
"2022","2127","Charleston Southern","Big South","","1.9","10","2","8","0","5","2","3","0","4","1","3","0","6","1","5","0"
"2022","129","Saginaw Valley State","GLIAC","","0","11","8","3","0","8","5","3","0","6","4","2","0","5","4","1","0"
"2022","365","Alfred University","Empire 8","","0","10","2","8","0","6","1","5","0","5","1","4","0","5","1","4","0"
"2022","2458","Northern Colorado","Big Sky","","1.5","11","3","8","0","8","2","6","0","5","2","3","0","6","1","5","0"
"2022","2755","Grambling","SWAC","West","1.7","11","3","8","0","9","2","7","0","3","2","1","0","5","0","5","0"
"2022","2399","Minnesota Morris","Upper Midwest","","0","10","4","6","0","6","3","3","0","5","3","2","0","5","1","4","0"
"2022","2084","Buffalo","Mid-American","East","7.2","13","7","6","0","8","5","3","0","5","3","2","0","7","3","4","0"
"2022","2974","Shepherd","Pennsylvania State Athletic","Eastern","0","15","14","1","0","12","12","0","0","7","7","0","0","8","7","1","0"
"2022","2083","Bucknell","Patriot","","2.3","11","3","8","0","6","2","4","0","5","1","4","0","6","2","4","0"
"2022","228","Clemson","ACC","Atlantic","11","14","11","3","0","9","9","0","0","7","6","1","0","4","3","1","0"
"2022","162","Hamline University","Minnesota","","0","9","2","7","0","6","0","6","0","5","1","4","0","4","1","3","0"
"2022","93","Murray State","OVC","","2.8","11","2","9","0","5","1","4","0","5","2","3","0","6","0","6","0"
"2022","302","UC Davis","Big Sky","","5.2","11","6","5","0","8","5","3","0","5","4","1","0","6","2","4","0"
"2022","2071","Bloomsburg","Pennsylvania State Athletic","Eastern","0","11","3","8","0","10","3","7","0","6","2","4","0","5","1","4","0"
"2022","110","Mass Maritime","MSCAC","","0","10","3","7","0","8","3","5","0","5","1","4","0","5","2","3","0"
"2022","151","East Carolina","American Athletic","","8","13","8","5","0","8","4","4","0","7","4","3","0","4","2","2","0"
"2022","70","Idaho","Big Sky","","4.9","12","7","5","0","8","6","2","0","5","4","1","0","7","3","4","0"
"2022","17","Claremont-Mudd-Scripps College","So. Cal.","","0","9","7","2","0","8","7","1","0","4","4","0","0","5","3","2","0"
"2022","2977","Trinity (CT)","NESCAC","","0","9","9","0","0","9","9","0","0","5","5","0","0","4","4","0","0"
"2022","2065","Bethune-Cookman","SWAC","East","0.4","11","2","9","0","8","2","6","0","4","1","3","0","6","1","5","0"
"2022","196","Northeastern State","Mid America","","0","11","1","10","0","11","1","10","0","5","1","4","0","6","0","6","0"
"2022","2184","Duquesne","NEC","","1.9","11","4","7","0","7","3","4","0","5","3","2","0","6","1","5","0"
"2022","349","Army","FBS Independents","","7.1","12","6","6","0","1","1","0","0","6","4","2","0","4","1","3","0"
"2022","133","St. Olaf","Minnesota","","0","9","4","5","0","6","2","4","0","4","2","2","0","5","2","3","0"
"2022","286","North Carolina Wesleyan","USA South","","0","10","3","7","0","6","3","3","0","4","1","3","0","6","2","4","0"
"2022","113","Massachusetts","FBS Independents","","1.7","12","1","11","0","3","0","3","0","5","1","4","0","7","0","7","0"
"2022","2105","Carson-Newman College","South Atlantic","","0","11","6","5","0","7","3","4","0","5","4","1","0","6","2","4","0"
"2022","2400","Mississippi Valley State","SWAC","East","0.1","11","2","9","0","8","2","6","0","5","2","3","0","6","0","6","0"
"2022","354","Olivet College","Michigan","","0","10","5","5","0","6","1","5","0","5","3","2","0","5","2","3","0"
"2022","2572","Southern Miss","Sun Belt","West","6.9","13","7","6","0","8","4","4","0","6","3","3","0","6","3","3","0"
"2022","2248","Gettysburg","Centennial","","0","10","1","9","0","9","1","8","0","5","0","5","0","5","1","4","0"
"2022","200","Southern Nazarene","Great American","","0","11","5","6","0","11","5","6","0","5","1","4","0","6","4","2","0"
"2022","2571","South Dakota State","MVFC","","11","15","14","1","0","9","9","0","0","9","9","0","0","5","4","1","0"
"2022","2005","Air Force","Mountain West","Mountain","10.9","13","10","3","0","8","5","3","0","7","6","1","0","4","2","2","0"
"2022","72","Elmhurst","CCIW","","0","10","0","10","0","8","0","8","0","6","0","6","0","4","0","4","0"
"2022","2292","Indianapolis","Great Lakes","","0","11","9","2","0","6","6","0","0","5","5","0","0","6","4","2","0"
"2022","2405","Monmouth","CAA","","6","11","5","6","0","8","3","5","0","6","3","3","0","5","2","3","0"
"2022","2016","Alcorn State","SWAC","West","4.6","11","5","6","0","8","4","4","0","5","2","3","0","6","3","3","0"
"2022","2151","Concordia University Chicago","NACC","","0","10","3","7","0","8","2","6","0","6","3","3","0","4","0","4","0"
"2022","90","Pittsburg St","Mid America","","0","13","12","1","0","11","11","0","0","7","7","0","0","6","5","1","0"
"2022","202","Tulsa","American Athletic","","5","12","5","7","0","8","3","5","0","6","3","3","0","6","2","4","0"
"2022","2516","Randolph-Macon","Old Dominion","","0","12","11","1","0","6","6","0","0","6","6","0","0","6","5","1","0"
"2022","388","Lebanon Valley","Mid Atlantic","","0","10","5","5","0","9","5","4","0","5","2","3","0","5","3","2","0"
"2022","2657","Tuskegee","SIAC","West","0","11","8","3","0","9","7","2","0","2","2","0","0","6","4","2","0"
"2022","2229","Florida International","Conference USA","","2.5","12","4","8","0","8","2","6","0","6","2","4","0","6","2","4","0"
"2022","2271","Henderson State","Great American","","0","11","8","3","0","11","8","3","0","6","5","1","0","5","3","2","0"
"2022","2700","McDaniel College","Centennial","","0","10","3","7","0","9","3","6","0","5","2","3","0","5","1","4","0"
"2022","204","Oregon State","Pac-12","","11.2","13","10","3","0","9","6","3","0","6","5","1","0","5","3","2","0"
"2022","2045","Austin","American Southwest","","0","10","1","9","0","8","1","7","0","5","0","5","0","5","1","4","0"
"2022","293","Castleton","ECFC","","0","10","5","5","0","6","4","2","0","5","4","1","0","5","1","4","0"
"2022","62","Hawai'i","Mountain West","West","2.9","13","3","10","0","8","2","6","0","7","3","4","0","6","0","6","0"
"2022","2044","Aurora","NACC","","0","13","11","2","0","8","8","0","0","5","5","0","0","8","6","2","0"
"2022","183","Syracuse","ACC","Atlantic","6.2","13","7","6","0","8","4","4","0","7","5","2","0","5","2","3","0"
"2022","205","Pacific (OR)","Northwest","","0","9","5","4","0","7","4","3","0","5","2","3","0","4","3","1","0"
"2022","338","Kennesaw State","Atlantic Sun","","5.7","11","5","6","0","4","0","4","0","6","4","2","0","5","1","4","0"
"2022","2779","St. Lawrence","Liberty League","","0","10","4","6","0","6","2","4","0","5","1","4","0","5","3","2","0"
"2022","2564","Simpson College (IA)","American Rivers","","0","9","1","8","0","8","1","7","0","4","1","3","0","5","0","5","0"
"2022","3162","Alfred State","ECFC","","0","10","5","5","0","6","3","3","0","6","3","3","0","4","2","2","0"
"2022","2850","Whittier","So. Cal.","","0","9","0","9","0","8","0","8","0","5","0","5","0","4","0","4","0"
"2022","84","Indiana","Big Ten","East","1.7","12","4","8","0","9","2","7","0","7","3","4","0","5","1","4","0"
"2022","262","Lake Forest College","Midwest","","0","10","8","2","0","8","7","1","0","6","5","1","0","4","3","1","0"
"2022","2529","Sacred Heart","NEC","","6.5","11","5","6","0","7","3","4","0","5","3","2","0","6","2","4","0"
"2022","2658","Texas A&M-Kingsville","Lone Star","","0","11","7","4","0","6","4","2","0","7","5","2","0","3","1","2","0"
"2022","2000","Abilene Christian","Western Athletic","","6.6","11","7","4","0","7","5","2","0","5","4","1","0","6","3","3","0"
"2022","324","Coastal Carolina","Sun Belt","East","7","13","9","4","0","9","6","3","0","7","6","1","0","5","3","2","0"
"2022","110243","UT Permian Basin","Lone Star","","0","11","5","6","0","6","2","4","0","6","3","3","0","5","2","3","0"
"2022","2638","UTEP","Conference USA","","4.5","12","5","7","0","8","3","5","0","6","4","2","0","6","1","5","0"
"2022","389","Upper Iowa University","Northern Sun","South","0","11","1","10","0","11","1","10","0","6","1","5","0","5","0","5","0"
"2022","433","Westminster College (MO)","Upper Midwest","","0","10","1","9","0","6","1","5","0","4","0","4","0","5","0","5","0"
"2022","2557","Coast Guard","NEWMAC","","0","10","3","7","0","6","1","5","0","5","1","4","0","5","2","3","0"
"2022","2028","Arkansas-Monticello","Great American","","0","11","3","8","0","11","3","8","0","6","2","4","0","5","1","4","0"
"2022","188","Baldwin Wallace","Ohio","","0","10","7","3","0","9","7","2","0","4","3","1","0","6","4","2","0"
"2022","2919","Monmouth (IL)","Midwest","","0","10","8","2","0","9","8","1","0","5","4","1","0","5","4","1","0"
"2022","172","Cornell","Ivy","","4.6","10","5","5","0","7","2","5","0","5","2","3","0","5","3","2","0"
"2022","2749","Worcester Polytechnic Institute","NEWMAC","","0","10","4","6","0","6","2","4","0","5","2","3","0","5","2","3","0"
"2022","379","UMass Dartmouth","MSCAC","","0","11","9","2","0","8","8","0","0","5","5","0","0","6","4","2","0"
"2022","253","Southern Utah","Western Athletic","","4.1","11","5","6","0","6","2","4","0","5","3","2","0","6","2","4","0"
"2022","297","Hampden-Sydney","Old Dominion","","0","10","5","5","0","6","3","3","0","5","3","2","0","5","2","3","0"
"2022","2003","Adrian","Michigan","","0","10","6","4","0","6","3","3","0","5","4","1","0","5","2","3","0"
"2022","2069","Black Hills State","Rocky Mountain","","0","11","7","4","0","9","5","4","0","5","3","2","0","5","3","2","0"
"2022","2832","St. Norbert","NACC","","0","10","7","3","0","8","6","2","0","5","4","1","0","5","3","2","0"
"2022","278","Fresno State","Mountain West","West","8.4","14","10","4","0","9","8","1","0","6","5","1","0","7","4","3","0"
"2022","235","Memphis","American Athletic","","7.6","13","7","6","0","8","3","5","0","7","5","2","0","5","1","4","0"
"2022","86","Rose-Hulman","Heartland","","0","10","6","4","0","7","6","1","0","5","3","2","0","5","3","2","0"
"2022","2640","Texas Southern","SWAC","West","5.4","11","5","6","0","8","4","4","0","3","1","2","0","6","2","4","0"
"2022","2201","Eastern New Mexico","Lone Star","","0","11","3","8","0","6","1","5","0","5","1","4","0","6","2","4","0"
"2022","126","Kalamazoo","Michigan","","0","10","3","7","0","6","0","6","0","5","2","3","0","5","1","4","0"
"2022","164","Rutgers","Big Ten","East","4.9","12","4","8","0","9","1","8","0","6","2","4","0","6","2","4","0"
"2022","223","West Chester","Pennsylvania State Athletic","Eastern","0","11","7","4","0","10","6","4","0","6","3","3","0","5","4","1","0"
"2022","277","West Virginia","Big 12","","5.3","12","5","7","0","9","3","6","0","6","3","3","0","6","2","4","0"
"2022","81","Springfield","NEWMAC","","0","12","9","3","0","6","6","0","0","7","5","2","0","5","4","1","0"
"2022","2758","Howard Payne","American Southwest","","0","10","7","3","0","8","6","2","0","5","3","2","0","4","3","1","0"
"2022","2817","Minnesota State Moorhead","Northern Sun","North","0","11","4","7","0","11","4","7","0","5","2","3","0","6","2","4","0"
"2022","2951","SUNY Maritime","ECFC","","0","10","3","7","0","6","2","4","0","5","2","3","0","5","1","4","0"
"2022","2017","Alderson-Broaddus","Mountain East","","0","11","0","11","0","10","0","10","0","6","0","6","0","5","0","5","0"
"2022","241","McMurry","American Southwest","","0","10","1","9","0","8","1","7","0","4","0","4","0","5","1","4","0"
"2022","145","Ole Miss","SEC","West","9.3","13","8","5","0","8","4","4","0","7","5","2","0","5","3","2","0"
"2022","2339","Lincoln (PA)","CIAA","Northern","0","10","2","7","1","8","1","6","1","4","0","4","0","6","2","3","1"
"2022","112","Tufts","NESCAC","","0","9","6","3","0","9","6","3","0","5","3","2","0","4","3","1","0"
"2022","256","James Madison","Sun Belt","East","8.4","11","8","3","0","8","6","2","0","6","5","1","0","5","3","2","0"
"2022","201","Oklahoma","Big 12","","7.3","13","6","7","0","9","3","6","0","6","4","2","0","5","2","3","0"
"2022","2568","Southern Arkansas","Great American","","0","11","5","6","0","11","5","6","0","5","2","3","0","6","3","3","0"
"2022","119","Towson","CAA","","3.6","11","6","5","0","8","4","4","0","5","3","2","0","6","3","3","0"
"2022","2502","Portland State","Big Sky","","5.1","11","4","7","0","8","3","5","0","5","3","2","0","6","1","5","0"
"2022","2402","Missouri S&T","Great Lakes","","0.1","10","3","7","0","6","2","4","0","5","1","4","0","5","2","3","0"
"2022","2968","Gustavus Adolphus","Minnesota","","0","9","6","3","0","7","5","2","0","4","2","2","0","5","4","1","0"
"2022","295","Old Dominion","Sun Belt","East","1.5","12","3","9","0","8","2","6","0","6","2","4","0","6","1","5","0"
"2022","175","Ithaca College","Liberty League","","0","13","12","1","0","6","6","0","0","7","7","0","0","5","4","1","0"
"2022","2359","Macalester","Minnesota","","0","9","4","5","0","0","0","0","0","5","2","3","0","4","2","2","0"
"2022","2639","Texas Lutheran","American Southwest","","0","10","4","6","0","8","3","5","0","5","0","5","0","4","3","1","0"
"2022","2221","FDU-Florham","Mid Atlantic","","0","10","6","4","0","8","4","4","0","5","3","2","0","5","3","2","0"
"2022","282","Indiana State","MVFC","","3.7","11","2","9","0","8","1","7","0","6","1","5","0","5","1","4","0"
"2022","190","Defiance College","Heartland","","0","10","3","7","0","7","3","4","0","4","2","2","0","6","1","5","0"
"2022","2600","Saint John's (MN)","Minnesota","","0","11","9","2","0","7","6","1","0","7","6","1","0","4","3","1","0"
"2022","306","Illinois Wesleyan","CCIW","","0","10","5","4","1","8","3","4","1","6","4","1","1","4","1","3","0"
"2022","367","Gannon","Pennsylvania State Athletic","Western","0","11","8","3","0","10","7","3","0","6","4","2","0","5","4","1","0"
"2022","52","Florida State","ACC","Atlantic","9.5","13","10","3","0","8","5","3","0","7","5","2","0","4","3","1","0"
"2022","2654","Truman State","Great Lakes","","0","10","8","2","0","6","5","1","0","5","4","1","0","5","4","1","0"
"2022","366","Ferrum","Old Dominion","","0","10","1","9","0","6","1","5","0","5","0","5","0","5","1","4","0"
"2022","2368","Marist","Pioneer","","1.4","11","4","7","0","8","4","4","0","6","1","5","0","5","3","2","0"
"2022","2851","Winona State","Northern Sun","South","0","12","8","4","0","12","8","4","0","5","5","0","0","7","3","4","0"
"2022","2651","Trine University","Michigan","","0","10","7","3","0","6","3","3","0","5","2","3","0","5","5","0","0"
"2022","107","Holy Cross","Patriot","","8.7","13","12","1","0","6","6","0","0","6","6","0","0","7","6","1","0"
"2022","2116","UCF","American Athletic","","8.6","14","9","5","0","9","6","3","0","7","5","2","0","6","4","2","0"
"2022","2277","Houston Christian","Southland","","1","11","2","9","0","5","0","5","0","5","0","5","0","6","2","4","0"
"2022","124","Augsburg","Minnesota","","0","9","6","3","0","6","3","3","0","4","2","2","0","5","4","1","0"
"2022","2106","Carthage","CCIW","","0","10","3","7","0","8","3","5","0","4","0","4","0","6","3","3","0"
"2022","36","Colorado State","Mountain West","Mountain","4","12","3","9","0","8","3","5","0","6","2","4","0","6","1","5","0"
"2022","2258","Guilford College","Old Dominion","","0","10","1","9","0","6","0","6","0","5","0","5","0","5","1","4","0"
"2022","2426","Navy","American Athletic","","8.6","12","4","8","0","8","4","4","0","5","2","3","0","5","2","3","0"
"2022","2038","Assumption","Northeast 10","","0","10","7","3","0","7","6","1","0","5","3","2","0","5","4","1","0"
"2022","332","Muskingum University","Ohio","","0","10","5","5","0","9","4","5","0","5","2","3","0","5","3","2","0"
"2022","2845","Waynesburg","Presidents'","","0","10","4","6","0","8","3","5","0","5","1","4","0","5","3","2","0"
"2022","415","NEWBERG","Northwest","","0","10","8","2","0","7","5","2","0","6","4","2","0","4","4","0","0"
"2022","96","Kentucky","SEC","East","7.2","13","7","6","0","8","3","5","0","8","5","3","0","4","2","2","0"
"2022","323","Moravian","Centennial","","0","10","3","7","0","9","3","6","0","4","3","1","0","6","0","6","0"
"2022","2528","Rensselaer","Liberty League","","0","10","7","3","0","6","5","1","0","6","5","1","0","4","2","2","0"
"2022","2643","The Citadel","Southern","","5.8","11","4","7","0","8","3","5","0","5","2","3","0","6","2","4","0"
"2022","2042","Augustana (IL)","CCIW","","0","10","5","5","0","8","4","4","0","5","2","3","0","5","3","2","0"
"2022","2586","Southwest Baptist","Great Lakes","","0","11","6","5","0","6","4","2","0","4","3","1","0","7","3","4","0"
"2022","2226","Florida Atlantic","Conference USA","","7","12","5","7","0","8","4","4","0","6","4","2","0","6","1","5","0"
"2022","317","Marietta","Ohio","","0","10","6","4","0","9","5","4","0","5","4","1","0","5","2","3","0"
"2022","2754","Youngstown State","MVFC","","5.3","11","7","4","0","8","5","3","0","6","5","1","0","5","2","3","0"
"2022","9","Arizona State","Pac-12","","5.4","12","3","9","0","9","2","7","0","6","2","4","0","6","1","5","0"
"2022","2362","Manchester","Heartland","","0","10","1","9","0","7","0","7","0","4","0","4","0","6","1","5","0"
"2022","242","Rice","Conference USA","","5.2","13","5","8","0","8","3","5","0","6","4","2","0","6","1","5","0"
"2022","83","Depauw","North Coast","","0","11","9","2","0","8","7","1","0","5","4","1","0","6","5","1","0"
"2022","2676","Virginia Union","CIAA","Northern","0","11","9","2","0","8","7","1","0","6","4","2","0","5","5","0","0"
"2022","61","Georgia","SEC","East","14.4","15","15","0","0","9","9","0","0","6","6","0","0","4","4","0","0"
"2022","2927","Southwestern Oklahoma State","Great American","","0","11","4","7","0","11","4","7","0","6","3","3","0","5","1","4","0"
"2022","2210","Elon","CAA","","5.8","12","8","4","0","8","6","2","0","5","5","0","0","7","3","4","0"
"2022","2110","Central Arkansas","Atlantic Sun","","5.2","11","5","6","0","4","2","2","0","5","2","3","0","6","3","3","0"
"2022","2102","Carnegie Mellon","Presidents'","","0","12","10","1","1","8","7","0","1","6","5","0","1","6","5","1","0"
"2022","2534","Sam Houston","Western Athletic","","3.5","9","5","4","0","5","3","2","0","4","1","3","0","4","3","1","0"
"2022","57","Florida","SEC","East","6.3","13","6","7","0","8","3","5","0","7","5","2","0","4","1","3","0"
"2022","2635","Tennessee Tech","OVC","","3.1","11","4","7","0","5","2","3","0","5","2","3","0","6","2","4","0"
"2022","284","Stonehill","NEC","","0.2","9","4","5","0","7","2","5","0","5","3","2","0","4","1","3","0"
"2022","2523","Robert Morris","Big South","","0.1","11","0","11","0","5","0","5","0","5","0","5","0","6","0","6","0"
"2022","55","Jacksonville State","Atlantic Sun","","8.1","11","9","2","0","4","4","0","0","4","3","1","0","5","4","1","0"
"2022","60","Morehouse College","SIAC","East","0","10","1","9","0","7","1","6","0","5","1","4","0","3","0","3","0"
"2022","2909","Westfield State","MSCAC","","0","10","2","8","0","8","2","6","0","5","1","4","0","5","1","4","0"
"2022","2509","Purdue","Big Ten","West","6.5","14","8","6","0","10","6","4","0","6","4","2","0","6","4","2","0"
"2022","2118","Central Missouri","Mid America","","0","11","4","7","0","11","4","7","0","5","4","1","0","6","0","6","0"
"2022","124180","Bluefield State","Independent DII","","0","8","3","4","1","0","0","0","0","5","3","2","0","2","0","2","0"
"2022","2305","Kansas","Big 12","","6.9","13","6","7","0","9","3","6","0","6","4","2","0","6","2","4","0"
"2022","2166","Davidson","Pioneer","","8.3","12","8","4","0","8","6","2","0","6","6","0","0","6","2","4","0"
"2022","2781","Brockport","Empire 8","","0","10","7","3","0","6","4","2","0","5","4","1","0","5","3","2","0"
"2022","2273","Hillsdale","Great Midwest Athletic","","0","11","5","6","0","7","3","4","0","6","2","4","0","5","3","2","0"
"2022","197","Oklahoma State","Big 12","","5.5","13","7","6","0","9","4","5","0","7","6","1","0","5","1","4","0"
"2022","2686","Washington & Jefferson","Presidents'","","0","10","8","2","0","8","6","2","0","5","4","1","0","5","4","1","0"
"2022","218","Temple","American Athletic","","4.4","12","3","9","0","8","1","7","0","7","3","4","0","5","0","5","0"
"2022","43","Yale","Ivy","","6","10","8","2","0","7","6","1","0","5","5","0","0","5","3","2","0"
"2022","2467","Norwich","NEWMAC","","0","10","3","7","0","6","2","4","0","5","3","2","0","5","0","5","0"
"2022","2395","Midwestern State","Lone Star","","0","11","6","5","0","6","3","3","0","6","3","3","0","5","3","2","0"
"2022","2812","Hope College","Michigan","","0","10","6","4","0","6","3","3","0","5","4","1","0","5","2","3","0"
"2022","2483","Oregon","Pac-12","","10.5","13","10","3","0","9","7","2","0","6","5","1","0","5","4","1","0"
"2022","2450","Norfolk State","MEAC","","0.7","11","2","9","0","5","2","3","0","5","0","5","0","6","2","4","0"
"2022","2280","Husson","Commonwealth Coast","","0","10","5","5","0","6","4","2","0","5","4","1","0","5","1","4","0"
"2022","2617","Stephen F. Austin","Western Athletic","","4.8","11","6","5","0","7","5","2","0","5","3","2","0","4","3","1","0"
"2022","2970","William Paterson","New Jersey","","0","10","5","5","0","6","2","4","0","5","2","3","0","5","3","2","0"
"2022","613","South Dakota Mines","Rocky Mountain","","0","11","7","4","0","9","6","3","0","6","3","3","0","5","4","1","0"
"2022","38","Colorado","Pac-12","","1","12","1","11","0","9","1","8","0","6","1","5","0","6","0","6","0"
"2022","471","Stevenson","Mid Atlantic","","0","10","8","2","0","8","6","2","0","5","4","1","0","5","4","1","0"
"2022","2085","Buffalo State","Liberty League","","0","10","0","10","0","6","0","6","0","5","0","5","0","5","0","5","0"
"2022","2199","Eastern Michigan","Mid-American","West","8.3","13","9","4","0","8","5","3","0","6","3","3","0","6","5","1","0"
"2022","2419","Mount St. Joseph","Heartland","","0","11","10","1","0","7","7","0","0","5","5","0","0","6","5","1","0"
"2022","110254","Davenport","GLIAC","","0","11","8","3","0","9","6","3","0","6","5","1","0","5","3","2","0"
"2022","75","North Park","CCIW","","0","10","1","8","1","8","1","6","1","5","1","4","0","5","0","4","1"
"2022","46","Georgetown","Patriot","","2.7","11","2","9","0","6","1","5","0","6","0","6","0","5","2","3","0"
"2022","265","Washington State","Pac-12","","5.5","13","7","6","0","9","4","5","0","7","4","3","0","5","3","2","0"
"2022","417","Gallaudet","ECFC","","0","10","7","3","0","6","5","1","0","5","3","2","0","5","4","1","0"
"2022","160","New Hampshire","CAA","","6.4","13","9","4","0","8","7","1","0","6","5","1","0","7","4","3","0"
"2022","2440","Nevada","Mountain West","West","3","12","2","10","0","8","0","8","0","6","1","5","0","6","1","5","0"
"2022","109418","Finlandia University","Upper Midwest","","0","10","0","10","0","6","0","6","0","0","0","0","0","5","0","5","0"
"2022","2032","Arkansas State","Sun Belt","West","4","12","3","9","0","8","1","7","0","6","3","3","0","6","0","6","0"
"2022","2256","Greensboro College","USA South","","0","10","2","8","0","6","1","5","0","5","2","3","0","5","0","5","0"
"2022","409","Concordia-Wisconsin","NACC","","0","10","8","2","0","8","6","2","0","5","5","0","0","5","3","2","0"
"2022","2692","Weber State","Big Sky","","9","13","10","3","0","9","6","3","0","7","6","1","0","6","4","2","0"
"2022","2122","Central Oklahoma","Mid America","","0","11","6","5","0","11","6","5","0","6","5","1","0","5","1","4","0"
"2022","2519","Rhodes College","Southern Athletic","","0","10","5","5","0","7","3","4","0","5","3","2","0","4","2","2","0"
"2022","2882","UNC Pembroke","Mountain East","","0","11","5","6","0","10","5","5","0","5","4","1","0","6","1","5","0"
"2022","2198","Eastern Kentucky","Atlantic Sun","","5.2","12","7","5","0","4","2","2","0","7","5","2","0","5","2","3","0"
"2022","2019","Allen","SIAC","East","0","10","1","8","1","7","0","7","0","5","1","3","1","5","0","5","0"
"2022","2029","Arkansas-Pine Bluff","SWAC","West","0.7","11","3","8","0","8","1","7","0","4","2","2","0","6","1","5","0"
"2022","109","MIT","NEWMAC","","0","9","3","6","0","6","1","5","0","5","1","4","0","4","2","2","0"
"2022","331","Eastern Washington","Big Sky","","2.9","11","3","8","0","8","2","6","0","5","2","3","0","6","1","5","0"
"2022","2075","Bowie State","CIAA","Northern","0","10","6","4","0","8","5","3","0","5","3","2","0","5","3","2","0"
"2022","221","Pittsburgh","ACC","Coastal","9.3","13","9","4","0","8","5","3","0","7","5","2","0","5","3","2","0"
"2022","2702","Western New England","Commonwealth Coast","","0","10","4","6","0","6","3","3","0","6","3","3","0","4","1","3","0"
"2022","2838","Tiffin","Great Midwest Athletic","","0","10","6","4","0","7","5","2","0","5","3","2","0","5","3","2","0"
"2022","147","Montana State","Big Sky","","9.1","14","12","2","0","9","9","0","0","8","8","0","0","5","4","1","0"
"2022","2306","Kansas State","Big 12","","10.1","14","10","4","0","10","8","2","0","7","5","2","0","5","4","1","0"
"2022","328","Utah State","Mountain West","Mountain","5.6","13","6","7","0","8","5","3","0","6","4","2","0","6","2","4","0"
"2022","125974","Hilbert College","North Coast","","0","7","0","7","0","0","0","0","0","0","0","0","0","4","0","4","0"
"2022","254","Utah","Pac-12","","9.6","14","10","4","0","10","8","2","0","6","6","0","0","6","3","3","0"
"2022","2828","Shenandoah","Old Dominion","","0","10","8","2","0","6","4","2","0","5","4","1","0","5","4","1","0"
"2022","2442","College Of New Jersey","New Jersey","","0","9","3","6","0","6","2","4","0","4","2","2","0","5","1","4","0"
"2022","79","Southern Illinois","MVFC","","6.3","11","5","6","0","8","4","4","0","5","2","3","0","6","3","3","0"
"2022","304","Idaho State","Big Sky","","0.1","11","1","10","0","8","1","7","0","5","1","4","0","6","0","6","0"
"2022","2804","Chowan","CIAA","Northern","0","9","6","3","0","7","6","1","0","5","3","2","0","4","3","1","0"
"2022","97","Louisville","ACC","Atlantic","8.3","13","8","5","0","8","4","4","0","6","5","1","0","6","2","4","0"
"2022","2685","Wartburg","American Rivers","","0","14","13","1","0","8","8","0","0","7","7","0","0","7","6","1","0"
"2022","111675","Biddeford","Commonwealth Coast","","0","10","5","5","0","6","3","3","0","5","3","2","0","5","2","3","0"
"2022","2193","East Tennessee State","Southern","","1.8","11","3","8","0","8","1","7","0","5","1","4","0","6","2","4","0"
"2022","2818","Montclair State","New Jersey","","0","10","2","8","0","6","0","6","0","5","1","4","0","5","1","4","0"
"2022","227","Rhode Island","CAA","","7.1","11","7","4","0","8","5","3","0","5","4","1","0","6","3","3","0"
"2022","2776","Salve Regina","Commonwealth Coast","","0","10","6","4","0","6","3","3","0","5","4","1","0","5","2","3","0"
"2022","490","Benedict College","SIAC","East","0","12","11","1","0","10","10","0","0","7","6","1","0","5","5","0","0"
"2022","15","Anna Maria College","ECFC","","0","9","5","4","0","6","3","3","0","5","2","3","0","4","3","1","0"
"2022","6845","Nebraska Wesleyan","American Rivers","","0","10","1","9","0","8","0","8","0","0","0","0","0","5","1","4","0"
"2022","2335","Liberty","FBS Independents","","7.3","13","8","5","0","3","2","1","0","6","4","2","0","6","4","2","0"
"2022","386","Trinity University TX","Southern Athletic","","0","12","11","1","0","7","7","0","0","8","7","1","0","4","4","0","0"
"2022","236","Chattanooga","Southern","","7.3","11","7","4","0","8","5","3","0","5","4","1","0","6","3","3","0"
"2022","2748","Wooster","North Coast","","0","10","6","4","0","8","4","4","0","5","2","3","0","5","4","1","0"
"2022","2963","Case Western Reserve","Presidents'","","0","10","6","4","0","8","5","3","0","5","3","2","0","5","3","2","0"
"2022","184","University of Rochester (NY)","Liberty League","","0","10","3","7","0","6","1","5","0","5","2","3","0","5","1","4","0"
"2022","2524","Rockford","NACC","","0","10","1","9","0","8","0","8","0","5","1","4","0","5","0","5","0"
"2022","359","Otterbein","Ohio","","0","10","2","8","0","9","1","8","0","5","1","4","0","5","1","4","0"
"2022","108","Harvard","Ivy","","5.1","10","6","4","0","7","4","3","0","5","1","4","0","4","4","0","0"
"2022","231","Furman","Southern","","8","13","10","3","0","8","7","1","0","6","5","1","0","7","5","2","0"
"2022","352","Kenyon","North Coast","","0","9","2","7","0","7","1","6","0","5","1","4","0","4","1","3","0"
"2022","59","Georgia Tech","ACC","Coastal","3.7","12","5","7","0","8","4","4","0","5","2","3","0","6","3","3","0"
"2022","2010","Alabama A&M","SWAC","East","3.6","11","4","7","0","8","4","4","0","4","3","1","0","4","0","4","0"
"2022","2790","Albion","Michigan","","0","10","9","1","0","6","5","1","0","5","5","0","0","5","4","1","0"
"2022","2026","App State","Sun Belt","East","7.1","12","6","6","0","8","3","5","0","7","5","2","0","5","1","4","0"
"2022","2422","Muhlenberg","Centennial","","0","10","6","4","0","9","6","3","0","5","4","1","0","5","2","3","0"
"2022","2808","Delaware Valley","Mid Atlantic","","0","13","12","1","0","8","8","0","0","7","7","0","0","6","5","1","0"
"2022","2396","Miles College","SIAC","West","0","10","1","9","0","7","1","6","0","5","0","5","0","5","1","4","0"
"2022","2242","Geneva","Presidents'","","0","10","3","7","0","8","2","6","0","5","2","3","0","5","1","4","0"
"2022","263","Loras College","American Rivers","","0","10","5","5","0","8","5","3","0","4","2","2","0","6","3","3","0"
"2022","191","Heidelberg","Ohio","","0","10","7","3","0","9","6","3","0","5","4","1","0","5","3","2","0"
"2022","2703","Western New Mexico","Lone Star","","0","11","6","5","0","6","3","3","0","5","4","1","0","5","1","4","0"
"2022","2641","Texas Tech","Big 12","","6.4","13","8","5","0","9","5","4","0","7","6","1","0","5","1","4","0"
"2022","2653","Troy","Sun Belt","West","9.6","14","12","2","0","9","8","1","0","7","7","0","0","6","4","2","0"
"2022","2001","Adams State","Rocky Mountain","","0","11","2","9","0","9","2","7","0","5","1","4","0","6","1","5","0"
"2022","2723","Wisconsin-River Falls","Wisconsin","","0","10","6","4","0","7","4","3","0","5","5","0","0","5","1","4","0"
"2022","2900","St. Thomas (MN)","Pioneer","","10","11","10","1","0","8","8","0","0","6","6","0","0","5","4","1","0"
"2022","2213","Emory & Henry College","South Atlantic","","0","11","5","6","0","0","0","0","0","5","2","3","0","5","2","3","0"
"2022","2630","UT Martin","OVC","","6.8","11","7","4","0","5","5","0","0","5","4","1","0","6","3","3","0"
"2022","2477","Ohio Dominican","Great Midwest Athletic","","0","10","7","3","0","7","5","2","0","6","5","1","0","4","2","2","0"
"2022","2304","Johnson C Smith","CIAA","Southern","0","10","2","7","1","8","2","6","0","4","2","2","0","6","0","5","1"
"2022","2711","Western Michigan","Mid-American","West","4.3","12","5","7","0","8","4","4","0","6","2","4","0","6","3","3","0"
"2022","2152","Concordia Moorhead","Minnesota","","0","8","4","4","0","6","2","4","0","4","3","1","0","3","0","3","0"
"2022","2896","Southern Virginia","USA South","","0","10","1","9","0","6","1","5","0","5","0","5","0","5","1","4","0"
"2022","2771","Merrimack","NEC","","5.3","11","8","3","0","7","6","1","0","6","4","2","0","5","4","1","0"
"2022","2487","Pace","Northeast 10","","0","10","6","4","0","8","4","4","0","6","4","2","0","3","1","2","0"
"2022","2291","Indiana-Pennsylvania","Pennsylvania State Athletic","Western","0","12","10","2","0","11","9","2","0","7","6","1","0","5","4","1","0"
"2022","167","New Mexico","Mountain West","Mountain","2.4","12","2","10","0","8","0","8","0","6","2","4","0","6","0","6","0"
"2022","146","Grove City College","Presidents'","","0","10","7","3","0","8","5","3","0","6","5","1","0","4","2","2","0"
"2022","18","Bridgewater State","MSCAC","","0","10","6","4","0","8","6","2","0","5","4","1","0","5","2","3","0"
"2022","391","Oberlin","North Coast","","0","10","0","10","0","8","0","8","0","5","0","5","0","5","0","5","0"
"2022","132","Bemidji State","Northern Sun","North","0","13","10","3","0","12","10","2","0","6","5","1","0","7","5","2","0"
"2022","2382","Mercer","Southern","","7.7","11","7","4","0","8","5","3","0","5","4","1","0","6","3","3","0"
"2022","2816","McKendree","Great Lakes","","0","11","5","6","0","5","1","4","0","5","1","4","0","6","4","2","0"
"2022","23","San José State","Mountain West","West","5.5","12","7","5","0","8","5","3","0","6","6","0","0","5","1","4","0"
"2022","3","Birmingham-Southern","Southern Athletic","","0","10","7","3","0","7","5","2","0","6","5","1","0","3","1","2","0"
"2022","103","Boston College","ACC","Atlantic","3.1","12","3","9","0","8","2","6","0","6","2","4","0","6","1","5","0"
"2022","2731","Williams","NESCAC","","0","8","3","5","0","8","3","5","0","5","3","2","0","3","0","3","0"
"2022","135","Minnesota","Big Ten","West","9.7","13","9","4","0","9","5","4","0","7","5","2","0","5","3","2","0"
"2022","87","Notre Dame","FBS Independents","","8.7","13","9","4","0","1","1","0","0","6","4","2","0","4","2","2","0"
"2022","2148","Concord University","Mountain East","","0","11","9","2","0","10","8","2","0","5","4","1","0","6","5","1","0"
"2022","194","Ohio State","Big Ten","East","9.8","13","11","2","0","9","8","1","0","8","7","1","0","4","4","0","0"
"2022","2050","Ball State","Mid-American","West","4.6","12","5","7","0","8","3","5","0","6","3","3","0","6","2","4","0"
"2022","3071","North Central College","CCIW","","0","15","15","0","0","8","8","0","0","9","9","0","0","5","5","0","0"
"2022","2168","Dayton","Pioneer","","4.6","11","8","3","0","8","6","2","0","5","5","0","0","6","3","3","0"
"2022","225","Brown","Ivy","","2.3","10","3","7","0","7","1","6","0","5","2","3","0","5","1","4","0"
"2022","2553","Sewanee","Southern Athletic","","0","10","2","8","0","7","0","7","0","6","2","4","0","4","0","4","0"
"2022","2843","Western Connecticut St","MSCAC","","0","10","7","3","0","8","6","2","0","4","3","1","0","6","4","2","0"
"2022","5","UAB","Conference USA","","9.2","13","7","6","0","8","4","4","0","6","5","1","0","6","1","5","0"
"2022","122774","Keystone","ECFC","","0","10","3","7","0","6","3","3","0","5","1","4","0","5","2","3","0"
"2022","2559","Shippensburg","Pennsylvania State Athletic","Eastern","0","11","5","6","0","10","5","5","0","5","1","4","0","6","4","2","0"
"2022","2043","Augustana University (SD)","Northern Sun","South","0","11","7","4","0","11","7","4","0","6","3","3","0","5","4","1","0"
"2022","2207","Elizabeth City State","CIAA","Northern","0","9","2","7","0","8","2","6","0","4","2","2","0","4","0","4","0"
"2022","2729","William & Mary","CAA","","9.2","13","11","2","0","8","7","1","0","6","5","1","0","7","6","1","0"
"2022","2224","Findlay","Great Midwest Athletic","","0","11","7","4","0","7","5","2","0","6","4","2","0","5","3","2","0"
"2022","2888","Ouachita Baptist","Great American","","0","12","11","1","0","11","11","0","0","6","5","1","0","6","6","0","0"
"2022","210","Millersville","Pennsylvania State Athletic","Eastern","0","11","5","6","0","10","5","5","0","5","2","3","0","6","3","3","0"
"2022","128","Northern Michigan","GLIAC","","0","11","4","7","0","7","1","6","0","6","2","4","0","5","2","3","0"
"2022","6353","Lakeland","NACC","","0","10","3","7","0","8","3","5","0","6","3","3","0","4","0","4","0"
"2022","2320","Lamar","Southland","","3.3","11","1","10","0","4","1","3","0","5","1","4","0","6","0","6","0"
"2022","2655","Tulane","American Athletic","","10.1","14","12","2","0","9","8","1","0","8","6","2","0","5","5","0","0"
"2022","65","Grinnell","Midwest","","0","8","2","6","0","8","2","6","0","2","1","1","0","6","1","5","0"
"2022","2913","Brevard College","USA South","","0","9","5","4","0","7","5","2","0","5","3","2","0","4","2","2","0"
"2022","199","Southeastern Oklahoma State","Great American","","0","11","6","5","0","11","6","5","0","5","3","2","0","6","3","3","0"
"2022","50","Florida A&M","SWAC","East","5","11","9","2","0","8","7","1","0","5","5","0","0","4","3","1","0"
"2022","2627","Tarleton State","Western Athletic","","5.4","11","6","5","0","5","1","4","0","6","4","2","0","5","2","3","0"
"2022","49","Dubuque","American Rivers","","0","10","6","4","0","8","6","2","0","5","2","3","0","4","3","1","0"
"2022","24","Stanford","Pac-12","","2.9","12","3","9","0","9","1","8","0","6","2","4","0","6","1","5","0"
"2022","2333","Lewis & Clark College","Northwest","","0","9","4","5","0","8","3","5","0","5","2","3","0","4","2","2","0"
"2022","2022","American International","Northeast 10","","0","10","1","9","0","8","1","7","0","5","0","5","0","5","1","4","0"
"2022","131","Wayne State (MI)","GLIAC","","0","10","1","9","0","7","0","7","0","6","1","5","0","4","0","4","0"
"2022","237","Union (NY)","Liberty League","","0","10","6","4","0","6","3","3","0","5","3","2","0","5","3","2","0"
"2022","2383","Merchant Marine Academy","NEWMAC","","0","9","6","3","0","6","4","2","0","5","3","2","0","4","3","1","0"
"2022","340","Bowdoin","NESCAC","","0","9","3","6","0","9","3","6","0","4","3","1","0","5","0","5","0"
"2022","2249","Glenville State","Mountain East","","0","11","7","4","0","10","6","4","0","4","4","0","0","7","3","4","0"
"2022","2800","Alma","Michigan","","0","12","11","1","0","6","6","0","0","7","6","1","0","5","5","0","0"
"2022","2634","Tennessee State","OVC","","4.8","11","4","7","0","5","2","3","0","4","2","2","0","5","2","3","0"
"2022","138","Northwest Missouri St","Mid America","","0","13","10","3","0","11","9","2","0","6","6","0","0","7","4","3","0"
"2022","174","Hobart College","Liberty League","","0","10","7","3","0","6","4","2","0","5","4","1","0","5","3","2","0"
"2022","559","University of Mary","Northern Sun","North","0","11","2","9","0","11","2","9","0","6","1","5","0","5","1","4","0"
"2022","101","Eureka College","NACC","","0","10","2","8","0","8","2","6","0","5","1","4","0","5","1","4","0"
"2022","77","Northwestern","Big Ten","West","3.5","12","1","11","0","9","1","8","0","6","0","6","0","5","0","5","0"
"2022","2614","Saint Vincent","Presidents'","","0","10","5","5","0","8","4","4","0","6","4","2","0","4","1","3","0"
"2022","2401","Mississippi College","Gulf South","","0","11","4","7","0","8","3","5","0","5","2","3","0","5","2","3","0"
"2022","2911","William Jewell","Great Lakes","","0","11","2","9","0","5","1","4","0","6","1","5","0","5","1","4","0"
"2022","2107","Catawba","South Atlantic","","0","11","1","10","0","7","0","7","0","5","0","5","0","6","1","5","0"
"2022","2234","Franklin & Marshall","Centennial","","0","10","6","4","0","9","5","4","0","5","3","2","0","5","3","2","0"
"2022","2364","Minnesota State Mankato","Northern Sun","South","0","13","10","3","0","12","10","2","0","6","6","0","0","7","4","3","0"
"2022","2232","Fort Valley State","SIAC","East","0","10","8","2","0","9","7","2","0","3","2","1","0","3","3","0","0"
"2022","2825","Quincy","Great Lakes","","0","11","4","7","0","6","1","5","0","6","2","4","0","5","2","3","0"
"2022","2323","Lane College","SIAC","West","1.2","10","5","5","0","8","4","4","0","6","3","3","0","3","1","2","0"
"2022","2197","Eastern Illinois","OVC","","3","11","2","9","0","6","1","5","0","5","1","4","0","6","1","5","0"
"2022","142","Missouri","SEC","East","6.5","13","6","7","0","8","3","5","0","7","5","2","0","5","1","4","0"
"2022","195","Ohio","Mid-American","East","7.4","14","10","4","0","9","7","2","0","6","6","0","0","6","3","3","0"
"2022","2309","Kent State","Mid-American","East","4.2","12","5","7","0","8","4","4","0","5","3","2","0","7","2","5","0"
"2022","319","Oklahoma Baptist","Great American","","0","11","1","10","0","11","1","10","0","6","0","6","0","5","1","4","0"
"2022","264","Washington","Pac-12","","8.2","13","11","2","0","9","7","2","0","7","7","0","0","5","3","2","0"
"2022","2967","Framingham State","MSCAC","","0","10","5","5","0","8","4","4","0","5","4","1","0","5","1","4","0"
"2022","3101","Utah Tech","Western Athletic","","3.9","11","4","7","0","6","3","3","0","5","3","2","0","6","1","5","0"
"2022","2424","New Mexico Highlands","Rocky Mountain","","0","10","3","7","0","9","3","6","0","5","2","3","0","5","1","4","0"
"2022","2743","Wisconsin-Stevens Pt","Wisconsin","","0","10","1","9","0","7","0","7","0","5","1","4","0","5","0","5","0"
"2022","67","Luther","American Rivers","","0","10","2","8","0","8","2","6","0","5","1","4","0","5","1","4","0"
"2022","2261","Hampton","CAA","","2.5","11","4","7","0","8","1","7","0","6","2","4","0","5","2","3","0"
"2022","2823","Northwestern Oklahoma State","Great American","","0","11","1","10","0","11","1","10","0","5","0","5","0","6","1","5","0"
"2022","2222","Ferris State","GLIAC","","1","15","14","1","0","8","7","1","0","8","7","1","0","6","6","0","0"
"2022","2815","Lindenwood","OVC","","3.6","10","7","3","0","5","2","3","0","5","4","1","0","5","3","2","0"
"2022","276","Marshall","Sun Belt","East","10.4","13","9","4","0","8","5","3","0","6","4","2","0","6","4","2","0"
"2022","80","Chicago","Midwest","","0","9","7","2","0","8","6","2","0","4","3","1","0","5","4","1","0"
"2022","446","Martin Luther","Upper Midwest","","0","10","2","8","0","6","2","4","0","5","2","3","0","5","0","5","0"
"2022","120","Maryland","Big Ten","East","7.8","13","8","5","0","9","4","5","0","7","5","2","0","5","2","3","0"
"2022","587","Notre Dame College","Mountain East","","0","12","9","3","0","10","9","1","0","5","5","0","0","7","4","3","0"
"2022","203","Linfield College","Northwest","","0","11","10","1","0","7","7","0","0","6","5","1","0","5","5","0","0"
"2022","2046","Austin Peay","Atlantic Sun","","4.8","11","7","4","0","4","2","2","0","5","4","1","0","6","3","3","0"
"2022","127","Michigan State","Big Ten","East","3.9","12","5","7","0","9","3","6","0","7","4","3","0","5","1","4","0"
"2022","189","Bowling Green","Mid-American","East","4.9","13","6","7","0","8","5","3","0","6","3","3","0","6","3","3","0"
"2022","2714","Western Colorado","Rocky Mountain","","0","11","7","4","0","9","7","2","0","5","2","3","0","6","5","1","0"
"2022","215","Slippery Rock","Pennsylvania State Athletic","Western","0","13","10","3","0","11","8","3","0","6","5","1","0","7","5","2","0"
"2022","2504","Prairie View A&M","SWAC","West","6.8","11","6","5","0","8","5","3","0","5","2","3","0","5","3","2","0"
"2022","2757","Berry College","Southern Athletic","","0","10","7","3","0","7","5","2","0","5","4","1","0","5","3","2","0"
"2022","2097","Campbell","Big South","","3.3","11","5","6","0","5","2","3","0","5","4","1","0","6","1","5","0"
"2022","2247","Georgia State","Sun Belt","East","6.6","12","4","8","0","8","3","5","0","6","2","4","0","6","2","4","0"
"2022","130","Michigan","Big Ten","East","12.6","14","13","1","0","10","10","0","0","8","8","0","0","4","4","0","0"
"2022","2822","North Greenville","Gulf South","","0","11","3","8","0","8","2","6","0","6","1","5","0","4","2","2","0"
"2022","173","Hartwick","Empire 8","","0","10","2","8","0","6","0","6","0","5","2","3","0","5","0","5","0"
"2022","2128","University Of Charleston (WV)","Mountain East","","0","11","6","5","0","10","6","4","0","5","3","2","0","6","3","3","0"
"2022","344","Mississippi State","SEC","West","6.9","13","9","4","0","8","4","4","0","7","6","1","0","5","2","3","0"
"2022","611","Seton Hill","Pennsylvania State Athletic","Western","0","11","2","9","0","10","2","8","0","5","1","4","0","6","1","5","0"
"2022","583","Northwestern (MN)","Upper Midwest","","0","11","6","5","0","6","6","0","0","5","3","2","0","5","2","3","0"
"2022","2746","Wittenberg","North Coast","","0","10","5","5","0","8","4","4","0","5","2","3","0","5","3","2","0"
"2022","437","Lake Erie","Great Midwest Athletic","","0","11","2","9","0","7","2","5","0","6","0","6","0","5","2","3","0"
"2022","6","South Alabama","Sun Belt","West","10.3","13","10","3","0","8","7","1","0","6","5","1","0","6","5","1","0"
"2022","2803","Bryant","Big South","","3.1","11","4","7","0","5","2","3","0","4","2","2","0","7","2","5","0"
"2022","2237","Fort Lewis","Rocky Mountain","","0","10","0","10","0","9","0","9","0","5","0","5","0","5","0","5","0"
"2022","3066","Concordia University St Paul","Northern Sun","South","0","11","1","10","0","11","1","10","0","5","1","4","0","6","0","6","0"
"2022","395","St. Augustine's","CIAA","Southern","0","9","1","8","0","7","1","6","0","5","1","4","0","4","0","4","0"
"2022","2413","Morehead State","Pioneer","","2.1","11","2","9","0","8","1","7","0","5","2","3","0","6","0","6","0"
"2022","2018","Allegheny","Presidents'","","0","9","2","7","0","0","0","0","0","5","1","4","0","4","1","3","0"
"2022","213","Penn State","Big Ten","East","10.5","13","11","2","0","9","7","2","0","7","6","1","0","5","4","1","0"
"2022","2262","Hanover College","Heartland","","0","10","5","5","0","7","5","2","0","5","1","4","0","5","4","1","0"
"2022","58","South Florida","American Athletic","","3.4","12","1","11","0","8","0","8","0","5","1","4","0","6","0","6","0"
"2022","29","Redlands","So. Cal.","","0","10","4","6","0","8","4","4","0","4","3","1","0","6","1","5","0"
"2022","154","Wake Forest","ACC","Atlantic","8.4","13","8","5","0","8","3","5","0","7","5","2","0","5","2","3","0"
"2022","2123","Chadron St","Rocky Mountain","","0","11","3","8","0","9","3","6","0","5","2","3","0","6","1","5","0"
"2022","2233","Franklin","Heartland","","0","10","4","6","0","7","4","3","0","5","2","3","0","5","2","3","0"
"2022","2033","Arkansas Tech","Great American","","0","11","5","6","0","11","5","6","0","5","3","2","0","6","2","4","0"
"2022","2751","Wyoming","Mountain West","Mountain","6","13","7","6","0","8","5","3","0","6","4","2","0","6","3","3","0"
"2022","2171","Denison University","North Coast","","0","10","8","2","0","8","6","2","0","5","4","1","0","4","3","1","0"
"2022","2169","Delaware State","MEAC","","4.3","11","5","6","0","5","2","3","0","7","3","4","0","4","2","2","0"
"2022","99","LSU","SEC","West","8.9","14","10","4","0","9","6","3","0","7","6","1","0","4","3","1","0"
"2022","2839","Greeneville","South Atlantic","","0","11","8","3","0","6","3","3","0","5","4","1","0","6","4","2","0"
"2022","2188","East Stroudsburg University","Pennsylvania State Athletic","Eastern","0","11","4","7","0","10","4","6","0","5","1","4","0","6","3","3","0"
"2022","101784","ERSKINE","South Atlantic","","0","11","2","9","0","1","0","1","0","6","1","5","0","5","1","4","0"
"2022","247","Kings College (PA)","Mid Atlantic","","0","10","8","2","0","9","7","2","0","4","3","1","0","6","5","1","0"
"2022","2579","South Carolina","SEC","East","6.8","13","8","5","0","8","4","4","0","7","5","2","0","5","3","2","0"
"2022","16","Sacramento State","Big Sky","","10.1","13","12","1","0","8","8","0","0","7","6","1","0","6","6","0","0"
"2022","150","Duke","ACC","Coastal","8.4","13","9","4","0","8","5","3","0","6","5","1","0","6","3","3","0"
"2022","509","Crown College","Upper Midwest","","0","10","4","6","0","6","4","2","0","5","1","4","0","4","2","2","0"
"2022","2287","Illinois State","MVFC","","4.1","11","6","5","0","8","4","4","0","6","4","2","0","5","2","3","0"
"2022","89","Wabash College","North Coast","","0","9","6","3","0","7","5","2","0","5","3","2","0","4","3","1","0"
"2022","2986","Fairmont State","Mountain East","","0","11","3","8","0","10","3","7","0","5","1","4","0","6","2","4","0"
"2022","2371","Mary Hardin-Baylor","American Southwest","","0","14","12","2","0","8","8","0","0","7","7","0","0","7","5","2","0"
"2022","2013","Albany State GA","SIAC","East","0.1","10","7","3","0","7","5","2","0","4","3","1","0","5","4","1","0"
"2022","114","Fitchburg State","MSCAC","","0","10","1","9","0","8","0","8","0","5","1","4","0","5","0","5","0"
"2022","48","Delaware","CAA","","6.4","13","8","5","0","8","4","4","0","7","6","1","0","6","2","4","0"
"2022","2649","Toledo","Mid-American","West","10.1","14","9","5","0","9","6","3","0","6","5","1","0","6","2","4","0"
"2022","2079","Bridgewater (VA)","Old Dominion","","0","10","9","1","0","6","5","1","0","5","5","0","0","5","4","1","0"
"2022","158","Nebraska","Big Ten","West","5","12","4","8","0","9","3","6","0","7","2","5","0","4","2","2","0"
"2022","333","Alabama","SEC","West","10.5","13","11","2","0","8","6","2","0","7","7","0","0","5","3","2","0"
"2022","8","Arkansas","SEC","West","8.5","13","7","6","0","8","3","5","0","7","4","3","0","4","2","2","0"
"2022","2704","West Texas A&M","Lone Star","","0","11","5","6","0","6","2","4","0","5","3","2","0","5","2","3","0"
"2022","2682","Walsh","Great Midwest Athletic","","0","10","1","9","0","7","1","6","0","5","1","4","0","5","0","5","0"
"2022","2567","SMU","American Athletic","","6.5","13","7","6","0","8","5","3","0","6","4","2","0","6","3","3","0"
"2022","2170","Delta State","Gulf South","","0","13","11","2","0","9","7","2","0","6","4","2","0","6","6","0","0"
"2022","2206","Edward Waters","SIAC","East","0","11","5","6","0","8","4","4","0","6","3","3","0","4","2","2","0"
"2022","411","Chapman","So. Cal.","","0","10","7","3","0","8","6","2","0","5","4","1","0","5","3","2","0"
"2022","12","Arizona","Pac-12","","4","12","5","7","0","9","3","6","0","7","3","4","0","5","2","3","0"
"2022","2464","Northern Arizona","Big Sky","","4.2","11","3","8","0","8","2","6","0","5","1","4","0","6","2","4","0"
"2022","143","Washington University (St. Louis)","CCIW","","0","10","8","2","0","8","6","2","0","5","3","2","0","5","5","0","0"
"2022","2535","Samford","Southern","","7.5","13","11","2","0","8","8","0","0","6","6","0","0","7","5","2","0"
"2022","2830","St. Anselm","Northeast 10","","0","10","6","4","0","8","4","4","0","5","3","2","0","3","1","2","0"
"2022","272","Wisconsin-Platteville","Wisconsin","","0","10","5","5","0","7","4","3","0","5","4","1","0","5","1","4","0"
"2022","209","Lock Haven University","Pennsylvania State Athletic","Eastern","0","11","1","10","0","10","0","10","0","5","0","5","0","5","0","5","0"
"2022","2886","Northwood (MI)","Great Midwest Athletic","","0","11","4","7","0","2","0","2","0","6","3","3","0","5","1","4","0"
"2022","2628","TCU","Big 12","","10.3","15","13","2","0","10","9","1","0","6","6","0","0","6","6","0","0"
"2022","2546","Southeast Missouri State","OVC","","7.6","12","9","3","0","5","5","0","0","5","4","1","0","7","5","2","0"
"2022","193","Miami (OH)","Mid-American","East","4.8","13","6","7","0","8","4","4","0","5","3","2","0","6","3","3","0"
"2022","3110","SUNY Morrisville","Empire 8","","0","10","7","3","0","6","3","3","0","5","4","1","0","5","3","2","0"
"2022","134","Minnesota Duluth","Northern Sun","North","0","11","8","3","0","11","8","3","0","6","6","0","0","5","2","3","0"
"2022","251","Texas","Big 12","","9.8","13","8","5","0","9","6","3","0","7","5","2","0","4","2","2","0"
"2022","2331","Lenoir-Rhyne","South Atlantic","","0","11","8","3","0","7","5","2","0","7","4","3","0","4","4","0","0"
"2022","238","Vanderbilt","SEC","East","4.8","12","5","7","0","8","2","6","0","6","2","4","0","6","3","3","0"
"2022","2257","Greenville","Upper Midwest","","0","10","7","3","0","6","5","1","0","6","5","1","0","4","2","2","0"
"2022","2398","Millsaps","Southern Athletic","","0","10","3","7","0","7","2","5","0","5","1","4","0","5","2","3","0"
"2022","2447","Nicholls","Southland","","3.2","11","3","8","0","7","3","4","0","5","2","3","0","6","1","5","0"
"2022","2938","Huntingdon College (AL)","USA South","","0","11","9","2","0","6","6","0","0","5","4","1","0","6","5","1","0"
"2022","2318","La Verne","So. Cal.","","0","10","2","8","0","7","2","5","0","4","1","3","0","6","1","5","0"
"2022","266","Beloit","Midwest","","0","10","1","9","0","9","1","8","0","4","1","3","0","6","0","6","0"
"2022","2336","Limestone","South Atlantic","","0","12","8","4","0","7","5","2","0","4","3","1","0","7","5","2","0"
"2022","2074","Bluffton","Heartland","","0","10","2","8","0","7","2","5","0","5","1","4","0","5","1","4","0"
"2022","112335","Wheeling","Mountain East","","0","11","7","4","0","10","6","4","0","6","4","2","0","5","3","2","0"
"2022","2385","Mercyhurst","Pennsylvania State Athletic","Western","0","11","2","9","0","10","1","9","0","5","0","5","0","6","2","4","0"
"2022","163","Princeton","Ivy","","4.8","10","8","2","0","7","5","2","0","5","4","1","0","5","4","1","0"
"2022","2805","Clark Atlanta","SIAC","East","0","10","3","7","0","9","3","6","0","5","1","4","0","5","2","3","0"
"2022","2849","Westminster (PA)","Presidents'","","0","10","7","2","1","8","6","1","1","5","4","1","0","5","3","1","1"
"2022","2194","East Texas Baptist University","American Southwest","","0","10","5","5","0","8","4","4","0","5","3","2","0","5","2","3","0"
"2022","2117","Central Michigan","Mid-American","West","5.3","12","4","8","0","8","3","5","0","6","2","4","0","6","2","4","0"
"2022","2699","West Liberty","Mountain East","","0","11","4","7","0","10","3","7","0","6","2","4","0","5","2","3","0"
"2022","2972","Plymouth State","MSCAC","","0","10","8","2","0","8","6","2","0","5","3","2","0","5","5","0","0"
"2022","2633","Tennessee","SEC","East","9.7","13","11","2","0","8","6","2","0","7","7","0","0","5","3","2","0"
"2022","2688","Washington and Lee","Old Dominion","","0","10","5","5","0","6","2","4","0","5","1","4","0","5","4","1","0"
"2022","2286","Illinois College","Midwest","","0","9","5","4","0","8","4","4","0","5","3","2","0","4","2","2","0"
"2022","112334","Franklin Pierce","Northeast 10","","0","10","2","8","0","7","1","6","0","0","0","0","0","5","1","4","0"
"2022","2453","North Alabama","Atlantic Sun","","2.7","11","1","10","0","0","0","0","0","4","1","3","0","6","0","6","0"
"2022","21","San Diego State","Mountain West","West","7.6","13","7","6","0","8","5","3","0","7","5","2","0","5","2","3","0"
"2022","2619","Stony Brook","CAA","","2.7","11","2","9","0","8","1","7","0","5","2","3","0","6","0","6","0"
"2022","2101","Carleton","Minnesota","","0","9","6","3","0","6","3","3","0","5","5","0","0","4","1","3","0"
"2022","3111","Apprentice School","Independent DIII","","0","1","0","1","0","0","0","0","0","0","0","0","0","1","0","1","0"
"2022","2506","Presbyterian","Pioneer","","0.8","11","1","10","0","8","0","8","0","5","1","4","0","6","0","6","0"
"2022","2674","Valparaiso","Pioneer","","4.9","12","5","7","0","8","4","4","0","5","2","3","0","7","3","4","0"
"2022","268","Lawrence University","Midwest","","0","10","0","10","0","9","0","9","0","5","0","5","0","5","0","5","0"
"2022","2274","Hiram College","North Coast","","0","10","3","7","0","8","2","6","0","5","2","3","0","5","1","4","0"
"2022","255","Knox College","Midwest","","0","10","5","5","0","9","4","5","0","5","2","3","0","5","3","2","0"
"2022","2108","Catholic","NEWMAC","","0","10","6","4","0","6","5","1","0","5","2","3","0","5","4","1","0"
"2022","396","Wheaton","CCIW","","0","11","8","3","0","8","7","1","0","6","5","1","0","5","3","2","0"
"2022","2508","Puget Sound","Northwest","","0","9","1","8","0","8","1","7","0","3","0","3","0","6","1","5","0"
"2022","2725","Widener","Mid Atlantic","","0","10","3","7","0","8","2","6","0","5","1","4","0","5","2","3","0"
"2022","249","North Texas","Conference USA","","6.5","14","7","7","0","9","6","3","0","6","5","1","0","7","2","5","0"
"2022","2341","Long Island University","NEC","","3.4","11","4","7","0","7","4","3","0","5","2","3","0","6","2","4","0"
"2022","2678","VMI","Southern","","0.1","11","1","10","0","8","0","8","0","6","1","5","0","5","0","5","0"
"2022","32","Carroll University (WI)","Midwest","","0","10","6","4","0","0","0","0","0","5","3","2","0","5","3","2","0"
"2022","13","Cal Poly","Big Sky","","0.8","11","2","9","0","8","1","7","0","5","2","3","0","6","0","6","0"
"2022","336","Wesleyan University (CT)","NESCAC","","0","8","5","3","0","8","5","3","0","3","3","0","0","5","2","3","0"
"2022","121","Bates","NESCAC","","0","9","3","6","0","9","3","6","0","4","1","3","0","5","2","3","0"
"2022","25","California","Pac-12","","3.7","12","4","8","0","9","2","7","0","7","4","3","0","5","0","5","0"
"2022","159","Dartmouth","Ivy","","3.2","10","3","7","0","7","2","5","0","5","2","3","0","5","1","4","0"
"2022","2588","Southwestern University","American Southwest","","0","10","2","8","0","9","2","7","0","4","1","3","0","6","1","5","0"
"2022","374","St John Fisher University","Empire 8","","0","10","4","6","0","6","2","4","0","5","3","2","0","5","1","4","0"
"2022","2094","California Lutheran University","So. Cal.","","0","10","4","6","0","7","1","6","0","5","1","4","0","5","3","2","0"
"2022","399","UAlbany","CAA","","3.6","11","3","8","0","8","2","6","0","5","3","2","0","6","0","6","0"
"2022","248","Houston","American Athletic","","8","13","8","5","0","8","5","3","0","6","3","3","0","6","4","2","0"
"2022","63","Buena Vista","American Rivers","","0","10","4","6","0","8","3","5","0","5","0","5","0","4","3","1","0"
"2022","110438","Dean College","ECFC","","0","10","1","9","0","6","1","5","0","4","0","4","0","6","1","5","0"
"2022","2834","Sul Ross State","American Southwest","","0","10","4","6","0","8","4","4","0","4","3","1","0","6","1","5","0"
"2022","118","Johns Hopkins University","Centennial","","0","10","9","1","0","9","8","1","0","5","5","0","0","5","4","1","0"
"2022","40","Curry College","Commonwealth Coast","","0","10","3","7","0","6","1","5","0","5","2","3","0","5","1","4","0"
"2022","2560","Shorter","Gulf South","","0","11","3","8","0","7","1","6","0","6","2","4","0","5","1","4","0"
"2022","425","Northern State","Northern Sun","North","0","11","6","5","0","11","6","5","0","6","5","1","0","5","1","4","0"
"2022","155","North Dakota","MVFC","","5.7","12","7","5","0","8","5","3","0","5","4","1","0","7","3","4","0"
"2022","2394","Middlebury","NESCAC","","0","9","7","2","0","9","7","2","0","5","4","1","0","4","3","1","0"
"2022","2964","Central College","American Rivers","","0","10","7","3","0","8","5","3","0","6","4","2","0","3","2","1","0"
"2022","2644","Thiel","Presidents'","","0","10","1","9","0","8","1","7","0","5","0","5","0","5","1","4","0"
"2022","125","Grand Valley State University","GLIAC","","0","13","12","1","0","8","7","1","0","7","6","1","0","6","6","0","0"
"2022","2086","Butler","Pioneer","","5.3","11","7","4","0","8","5","3","0","6","5","1","0","5","2","3","0"
"2022","2354","Lycoming","Mid Atlantic","","0","10","4","6","0","9","4","5","0","5","2","3","0","5","2","3","0"
"2022","2707","West Virginia State","Mountain East","","0","11","7","4","0","10","6","4","0","5","4","1","0","6","3","3","0"
"2022","2441","New Haven","Northeast 10","","0","11","8","3","0","8","7","1","0","5","5","0","0","6","3","3","0"
"2022","375","St. Scholastica","Minnesota","","0","9","2","7","0","6","1","5","0","3","1","2","0","6","1","5","0"
"2022","2155","Cornell College (IA)","Midwest","","0","10","3","7","0","9","3","6","0","5","1","4","0","5","2","3","0"
"2022","452","Endicott College","Commonwealth Coast","","0","11","10","1","0","6","6","0","0","6","5","1","0","5","5","0","0"
"2022","2310","Kentucky State","SIAC","West","0","10","4","6","0","8","4","4","0","3","1","2","0","6","3","3","0"
"2022","322","Lafayette","Patriot","","4.1","11","4","7","0","6","3","3","0","6","2","4","0","5","2","3","0"
"2022","2871","Kean","New Jersey","","0","10","3","7","0","6","2","4","0","4","0","4","0","6","3","3","0"
"2022","2449","North Dakota State","MVFC","","12.4","15","12","3","0","9","7","2","0","9","8","1","0","5","4","1","0"
"2022","2486","Pacific Lutheran","Northwest","","0","10","6","4","0","7","5","2","0","5","3","2","0","5","3","2","0"
"2022","2733","Wilmington (OH)","Ohio","","0","10","3","7","0","9","2","7","0","5","1","4","0","5","2","3","0"
"2022","2736","Winston-Salem","CIAA","Southern","0","10","3","6","1","8","3","4","1","4","2","1","1","5","1","4","0"
"2022","2393","Middle Tennessee","Conference USA","","7","13","8","5","0","8","4","4","0","5","3","2","0","7","4","3","0"
"2022","2062","Bethany (WV)","Presidents'","","0","9","1","8","0","8","0","8","0","4","1","3","0","5","0","5","0"
"2022","2302","John Carroll University","Ohio","","0","10","8","2","0","9","8","1","0","5","5","0","0","5","3","2","0"
"2022","291","Methodist","USA South","","0","10","5","5","0","6","4","2","0","5","1","4","0","5","4","1","0"
"2022","2023","Anderson (IN)","Heartland","","0","10","1","9","0","7","1","6","0","6","1","5","0","4","0","4","0"
"2022","149","Montana","Big Sky","","5.4","13","8","5","0","8","4","4","0","7","6","1","0","6","2","4","0"
"2022","2134","Clarion","Pennsylvania State Athletic","Western","0","11","3","8","0","10","3","7","0","6","0","6","0","5","3","2","0"
"2022","2844","Wayne State (NE)","Northern Sun","South","0","12","9","3","0","12","9","3","0","6","6","0","0","6","3","3","0"
"2022","2551","Shaw","CIAA","Southern","0","9","3","6","0","7","3","4","0","4","3","1","0","5","0","5","0"
"2022","98","Western Kentucky","Conference USA","","8.6","14","9","5","0","8","6","2","0","6","4","2","0","7","4","3","0"
"2022","356","Illinois","Big Ten","West","10.2","13","8","5","0","9","5","4","0","7","5","2","0","5","3","2","0"
"2022","2623","Missouri State","MVFC","","3.3","11","5","6","0","8","3","5","0","5","3","2","0","6","2","4","0"
"2022","2329","Lehigh","Patriot","","4","11","2","9","0","6","2","4","0","5","1","4","0","6","1","5","0"
"2022","7","Amherst","NESCAC","","0","9","2","7","0","9","2","7","0","5","1","4","0","4","1","3","0"
"2022","308","Ashland","Great Midwest Athletic","","0","12","10","2","0","7","6","1","0","6","6","0","0","6","4","2","0"
"2022","455","West Virginia Wesleyan","Mountain East","","0","11","1","10","0","10","1","9","0","6","0","6","0","5","1","4","0"
"2022","2141","Coe College","American Rivers","","0","10","7","3","0","8","6","2","0","5","3","2","0","4","3","1","0"
"2022","2283","Benedictine University","NACC","","0","10","7","3","0","8","5","3","0","5","3","2","0","4","3","1","0"
"2022","390","Utica","Empire 8","","0","12","10","2","0","6","5","1","0","6","5","1","0","6","5","1","0"
"2022","137","Missouri Western","Mid America","","0","11","5","6","0","11","5","6","0","5","3","2","0","6","2","4","0"
"2022","2373","Maryville College (TN)","USA South","","0","10","5","5","0","6","4","2","0","5","1","4","0","5","4","1","0"
"2022","2738","Wisconsin-Eau Claire","Wisconsin","","0","10","2","8","0","7","1","6","0","6","2","4","0","4","0","4","0"
"2022","2175","Dickinson (PA)","Centennial","","0","10","3","7","0","9","3","6","0","4","2","2","0","6","1","5","0"
"2022","2230","Fordham","Patriot","","7.4","12","9","3","0","6","5","1","0","5","5","0","0","7","4","3","0"
"2022","252","BYU","FBS Independents","","6.6","13","8","5","0","2","0","2","0","6","4","2","0","5","3","2","0"
"2022","2392","Michigan Tech","GLIAC","","0","11","4","7","0","7","2","5","0","5","3","2","0","6","1","5","0"
"2022","2220","Fayetteville State","CIAA","Southern","0","11","8","3","0","8","7","1","0","6","4","2","0","5","4","1","0"
"2022","2438","Nebraska-Kearney","Mid America","","0","11","8","3","0","11","8","3","0","6","3","3","0","5","5","0","0"
"2022","2121","Centre College Kentucky","Southern Athletic","","0","10","6","4","0","7","4","3","0","5","3","2","0","5","3","2","0"
"2022","2782","Cortland","Empire 8","","0","11","9","2","0","6","6","0","0","5","5","0","0","5","4","1","0"
"2022","2011","Alabama State","SWAC","East","4","11","6","5","0","8","4","4","0","6","2","4","0","3","2","1","0"
"2022","222","Villanova","CAA","","5.1","11","6","5","0","8","4","4","0","5","4","1","0","6","2","4","0"
"2022","2681","Wagner","NEC","","1.2","11","1","10","0","7","1","6","0","4","1","3","0","7","0","7","0"
"2022","2667","Ursinus","Centennial","","0","10","8","2","0","9","7","2","0","5","4","1","0","5","4","1","0"
"2022","41","UConn","FBS Independents","","6.3","13","6","7","0","0","0","0","0","6","5","1","0","6","1","5","0"
"2022","2120","Central Washington","Lone Star","","0","10","6","4","0","2","1","1","0","5","4","1","0","5","2","3","0"
"2022","326","Texas State","Sun Belt","West","4.4","12","4","8","0","8","2","6","0","6","4","2","0","6","0","6","0"
"2022","2241","Gardner-Webb","Big South","","7.5","13","7","6","0","5","5","0","0","4","3","1","0","9","4","5","0"
"2022","239","Baylor","Big 12","","7.4","13","6","7","0","9","4","5","0","6","3","3","0","6","3","3","0"
"2022","2848","Western Oregon","Lone Star","","0.2","11","6","5","0","2","2","0","0","6","4","2","0","5","2","3","0"
"2022","427","Ohio Northern","Ohio","","0","10","3","7","0","9","3","6","0","5","1","4","0","5","2","3","0"
"2022","259","Virginia Tech","ACC","Coastal","5","11","3","8","0","7","1","6","0","5","2","3","0","6","1","5","0"
"2022","2377","McNeese","Southland","","4.5","11","4","7","0","6","2","4","0","6","3","3","0","5","1","4","0"
"2022","2231","Fort Hays State","Mid America","","0","11","3","8","0","11","3","8","0","5","2","3","0","6","1","5","0"
"2022","2810","Hardin-Simmons","American Southwest","","0","11","9","2","0","8","7","1","0","5","4","1","0","5","4","1","0"
"2022","2264","Harding University","Great American","","0","11","9","2","0","11","9","2","0","6","5","1","0","5","4","1","0"
"2022","2827","Rowan","New Jersey","","0","10","7","3","0","6","4","2","0","5","4","1","0","5","3","2","0"
"2022","2060","Bentley","Northeast 10","","0","10","7","3","0","8","6","2","0","5","3","2","0","4","3","1","0"
"2022","2439","UNLV","Mountain West","West","5.6","12","5","7","0","8","3","5","0","6","4","2","0","6","1","5","0"
"2022","2598","St. Francis (PA)","NEC","","6.2","12","9","3","0","7","7","0","0","3","3","0","0","9","6","3","0"
"2022","2403","Missouri Southern State","Mid America","","0","11","4","7","0","11","4","7","0","5","2","3","0","6","2","4","0"
"2022","2132","Cincinnati","American Athletic","","7.5","13","9","4","0","8","6","2","0","6","5","1","0","5","3","2","0"
"2022","548","Lagrange College","USA South","","0","9","1","8","0","6","0","6","0","4","1","3","0","5","0","5","0"
"2022","26","UCLA","Pac-12","","9.8","13","9","4","0","9","6","3","0","8","6","2","0","4","3","1","0"
"2022","2214","Emporia State University","Mid America","","0","11","8","3","0","11","8","3","0","6","4","2","0","5","4","1","0"
"2022","2698","West Georgia","Gulf South","","0","10","8","2","0","8","6","2","0","5","3","2","0","5","5","0","0"
"2022","2390","Miami","ACC","Coastal","4.9","12","5","7","0","8","3","5","0","7","2","5","0","5","3","2","0"
"2022","233","South Dakota","MVFC","","3.4","11","3","8","0","8","2","6","0","5","3","2","0","6","0","6","0"
"2022","122666","Wilson","South Atlantic","","0","11","4","7","0","1","1","0","0","5","2","3","0","6","2","4","0"
"2022","2940","Livingstone","CIAA","Southern","0","10","4","6","0","9","4","5","0","5","2","3","0","4","1","3","0"
"2022","2025","Angelo State","Lone Star","","0","13","12","1","0","6","6","0","0","7","6","1","0","5","5","0","0"
